vehicle_brand,vehicle_model,model_year,mileage,vehicle_price,source
KIA,PICANTO,2020,59616,35990,afm
KIA,PICANTO,2021,51783,37990,afm
KIA,PICANTO,2021,58412,37990,afm
MITSUBISHI,ATTRAGE,2020,47837,38995,afm
CHEVROLET,SPARK,2020,54693,39990,afm
CHEVROLET,SPARK,2020,33821,40990,afm
NISSAN,MICRA,2020,45360,43990,afm
NISSAN,SUNNY,2021,59489,43990,afm
NISSAN,SUNNY,2021,46185,44990,afm
KIA,PEGAS,2021,49726,44995,afm
FORD,FOCUS,2017,51131,44995,afm
KIA,PEGAS,2021,47886,45495,afm
KIA,PEGAS,2021,45083,45495,afm
KIA,PEGAS,2021,59270,45990,afm
KIA,PEGAS,2021,55693,45990,afm
KIA,PEGAS,2021,56681,45990,afm
KIA,PEGAS,2021,54699,45990,afm
KIA,PEGAS,2021,39955,45995,afm
KIA,PEGAS,2021,42369,46990,afm
NISSAN,SENTRA,2019,37254,46990,afm
NISSAN,SUNNY,2022,31796,46990,afm
TOYOTA,YARIS,2016,53921,46990,afm
NISSAN,SUNNY,2022,56247,46995,afm
NISSAN,SUNNY,2022,46366,46995,afm
MITSUBISHI,LANCER,2017,55533,47990,afm
KIA,RIO,2021,58529,48990,afm
KIA,RIO,2021,53293,48995,afm
KIA,RIO,2021,54130,48995,afm
KIA,PEGAS,2021,49990,48995,afm
KIA,PEGAS,2021,53829,48995,afm
KIA,PEGAS,2021,57238,48995,afm
HYUNDAI,ACCENT,2020,45155,49990,afm
KIA,RIO,2021,53591,49990,afm
KIA,RIO,2021,55831,49990,afm
KIA,RIO,2020,59901,49990,afm
KIA,RIO,2021,56474,50995,afm
KIA,RIO,2021,48676,50995,afm
KIA,RIO,2021,57023,50995,afm
KIA,RIO,2021,49365,50995,afm
KIA,RIO,2021,56454,50995,afm
TOYOTA,YARIS,2021,43939,51990,afm
FORD,ECOSPORT,2018,51113,51990,afm
SUZUKI,SWIFT,2022,44006,52990,afm
TOYOTA,YARIS,2021,49781,52990,afm
TOYOTA,RUSH,2021,27793,53995,afm
TOYOTA,YARIS,2021,44530,54990,afm
MG,6,2021,51765,54990,afm
HYUNDAI,ACCENT,2021,59599,54990,afm
HYUNDAI,ACCENT,2021,53303,54990,afm
HYUNDAI,ACCENT,2021,59329,54990,afm
HYUNDAI,ACCENT,2021,54754,54990,afm
NISSAN,SENTRA,2020,48553,56490,afm
RENAULT,CAPTUR,2019,57561,56490,afm
NISSAN,SENTRA,2020,51015,56490,afm
HYUNDAI,ACCENT,2021,46073,56990,afm
RENAULT,CAPTUR,2019,59888,56990,afm
NISSAN,SENTRA,2020,17132,58490,afm
HONDA,CITY,2022,37489,62990,afm
MITSUBISHI,ASX,2020,55250,64990,afm
MITSUBISHI,ASX,2020,46040,64995,afm
TOYOTA,COROLLA,2020,53483,65990,afm
NISSAN,KICKS,2020,51607,65990,afm
NISSAN,KICKS,2020,56741,65990,afm
NISSAN,KICKS,2020,55626,65990,afm
NISSAN,KICKS,2020,56946,65990,afm
NISSAN,KICKS,2020,34351,66990,afm
TOYOTA,COROLLA,2020,58271,66990,afm
GAC,GS3,2022,58725,66990,afm
GAC,GS3,2022,58640,66990,afm
GAC,GS3,2022,43712,67990,afm
GAC,GS3,2022,48476,67990,afm
GAC,GS3,2022,43359,67990,afm
GAC,GS3,2022,39702,67990,afm
PEUGEOT,2008,2022,52760,69990,afm
PEUGEOT,2008,2022,54124,69990,afm
PEUGEOT,2008,2022,53205,69990,afm
PEUGEOT,2008,2022,55616,69990,afm
MITSUBISHI,ASX,2020,52665,69990,afm
NISSAN,KICKS,2020,21344,69990,afm
FORD,ESCAPE,2020,53393,71490,afm
HYUNDAI,CRETA,2019,38643,71490,afm
MITSUBISHI,ASX,2021,56342,71995,afm
HONDA,HRV,2020,27782,72990,afm
HONDA,CIVIC,2020,57056,72990,afm
HONDA,CIVIC,2020,59897,72990,afm
HONDA,CIVIC,2020,55437,72990,afm
HONDA,CIVIC,2020,51750,72990,afm
HONDA,CIVIC,2020,59397,72990,afm
HONDA,CIVIC,2020,56168,72990,afm
CHEVROLET,MALIBU,2021,56764,72995,afm
HYUNDAI,CRETA,2020,57354,73490,afm
MITSUBISHI,ECLIPSE,2020,50571,74990,afm
HONDA,CIVIC,2020,46085,74990,afm
VOLKSWAGEN,PASSAT,2020,53047,74990,afm
PEUGEOT,2008,2022,55316,74990,afm
PEUGEOT,2008,2022,53308,74990,afm
PEUGEOT,2008,2022,59998,74990,afm
HONDA,CIVIC,2020,48025,74990,afm
MITSUBISHI,ASX,2021,52904,76990,afm
MITSUBISHI,ASX,2021,57123,76990,afm
PEUGEOT,3008,2019,59359,76995,afm
HONDA,HRV,2021,56478,77990,afm
NISSAN,KICKS,2022,19268,78990,afm
CHEVROLET,CAPTIVA,2022,44909,79990,afm
MAZDA,6,2022,43533,82990,afm
MAZDA,6,2020,34374,84990,afm
MAZDA,CX3,2020,56522,84990,afm
MAZDA,CX3,2020,54797,84990,afm
MAZDA,CX3,2020,57636,85990,afm
TOYOTA,RAV4,2018,29455,86990,afm
MITSUBISHI,OUTLANDER,2020,52173,86990,afm
NISSAN,ALTIMA,2020,38919,86990,afm
HYUNDAI,TUCSON,2020,53579,86990,afm
HYUNDAI,TUCSON,2020,50833,86990,afm
CHEVROLET,CAPTIVA,2023,3690,87990,afm
HYUNDAI,TUCSON,2020,38026,87990,afm
KIA,SPORTAGE,2020,56438,87995,afm
HYUNDAI,TUCSON,2020,57667,88990,afm
PEUGEOT,3008,2022,53117,89990,afm
PEUGEOT,3008,2022,55982,90990,afm
PEUGEOT,3008,2022,47132,90990,afm
PEUGEOT,3008,2022,46878,90990,afm
PEUGEOT,3008,2022,47101,90990,afm
PEUGEOT,3008,2022,45371,90990,afm
NISSAN,XTRAIL,2020,57923,90990,afm
NISSAN,XTRAIL,2020,53786,91990,afm
MITSUBISHI,PAJERO,2020,55985,91990,afm
PEUGEOT,3008,2022,51872,91990,afm
PEUGEOT,3008,2022,37825,91990,afm
PEUGEOT,3008,2022,39720,91990,afm
PEUGEOT,3008,2022,37289,91990,afm
PEUGEOT,3008,2022,38159,92990,afm
MAZDA,6,2022,43533,82990,afm
MAZDA,6,2020,34374,84990,afm
MAZDA,CX3,2020,56522,84990,afm
MAZDA,CX3,2020,54797,84990,afm
MAZDA,CX3,2020,57636,85990,afm
TOYOTA,RAV4,2018,29455,86990,afm
MITSUBISHI,OUTLANDER,2020,52173,86990,afm
NISSAN,ALTIMA,2020,38919,86990,afm
HYUNDAI,TUCSON,2020,53579,86990,afm
HYUNDAI,TUCSON,2020,50833,86990,afm
CHEVROLET,CAPTIVA,2023,3690,87990,afm
HYUNDAI,TUCSON,2020,38026,87990,afm
KIA,SPORTAGE,2020,56438,87995,afm
HYUNDAI,TUCSON,2020,57667,88990,afm
PEUGEOT,3008,2022,53117,89990,afm
PEUGEOT,3008,2022,55982,90990,afm
PEUGEOT,3008,2022,47132,90990,afm
PEUGEOT,3008,2022,46878,90990,afm
PEUGEOT,3008,2022,47101,90990,afm
PEUGEOT,3008,2022,45371,90990,afm
NISSAN,XTRAIL,2020,57923,90990,afm
NISSAN,XTRAIL,2020,53786,91990,afm
MITSUBISHI,PAJERO,2020,55985,91990,afm
PEUGEOT,3008,2022,51872,91990,afm
PEUGEOT,3008,2022,37825,91990,afm
PEUGEOT,3008,2022,39720,91990,afm
PEUGEOT,3008,2022,37289,91990,afm
PEUGEOT,3008,2022,38159,92990,afm
INFINITI,Q50,2021,51944,137990,afm
TOYOTA,PRADO,2019,56801,139990,afm
VOLKSWAGEN,TIGUAN,2020,49713,139995,afm
FORD,EDGE,2019,47588,149995,afm
JEEP,GRAND,2020,55890,152990,afm
JEEP,GRAND,2020,39761,154990,afm
FORD,EDGE,2021,26740,154995,afm
INFINITI,QX50,2019,45452,157990,afm
NISSAN,PATROL,2017,49680,157990,afm
MINI,COOPER,2021,21848,159990,afm
INFINITI,QX50,2019,44802,159995,afm
BMW,5-SERIES,2020,22034,161900,afm
LEXUS,GX460,2017,51147,167990,afm
JEEP,WRANGLER,2021,48570,174990,afm
FORD,EXPLORER,2021,22883,179995,afm
INFINITI,QX55,2023,359,184990,afm
BMW,X3,2019,40127,189990,afm
NISSAN,PATROL,2022,31897,224990,afm
INFINITI,QX80,2021,50172,249990,afm
NISSAN,PATROL,2021,51353,249990,afm
BMW,X4,2021,22856,249990,afm
NISSAN,PATROL,2021,20283,249990,afm
NISSAN,PATROL,2022,14087,259990,afm
BENZ,E-CLASS,2021,58498,264990,afm
NISSAN,PATROL,2021,52744,269990,afm
BMW,X4,2022,13681,279990,afm
CHEVROLET,SPARK,2020,58763,35995,afm
NISSAN,SUNNY,2020,45912,36495,afm
KIA,PICANTO,2021,57788,37990,afm
MITSUBISHI,ATTRAGE,2021,56529,41990,afm
NISSAN,SUNNY,2021,56075,42990,afm
MITSUBISHI,ATTRAGE,2021,48389,42995,afm
NISSAN,SUNNY,2021,53982,43990,afm
NISSAN,SUNNY,2021,52714,43990,afm
NISSAN,SUNNY,2022,43658,43995,afm
NISSAN,SUNNY,2021,8723,44990,afm
NISSAN,SUNNY,2022,42945,44995,afm
MITSUBISHI,ATTRAGE,2022,8844,45990,afm
MG,5,2021,38279,46990,afm
HYUNDAI,ACCENT,2020,58165,49990,afm
INFINITI,QX80,2021,50172,249990,afm
NISSAN,PATROL,2021,51353,249990,afm
BMW,X4,2021,22856,249990,afm
NISSAN,PATROL,2021,20283,249990,afm
NISSAN,PATROL,2022,14087,259990,afm
BENZ,E-CLASS,2021,58498,264990,afm
NISSAN,PATROL,2021,52744,269990,afm
BMW,X4,2022,13681,279990,afm
CHEVROLET,SPARK,2020,58763,35995,afm
NISSAN,SUNNY,2020,45912,36495,afm
KIA,PICANTO,2021,57788,37990,afm
MITSUBISHI,ATTRAGE,2021,56529,41990,afm
NISSAN,SUNNY,2021,56075,42990,afm
MITSUBISHI,ATTRAGE,2021,48389,42995,afm
NISSAN,SUNNY,2021,53982,43990,afm
NISSAN,SUNNY,2021,52714,43990,afm
NISSAN,SUNNY,2022,43658,43995,afm
NISSAN,SUNNY,2021,8723,44990,afm
NISSAN,SUNNY,2022,42945,44995,afm
MITSUBISHI,ATTRAGE,2022,8844,45990,afm
MG,5,2021,38279,46990,afm
HYUNDAI,ACCENT,2020,58165,49990,afm
HYUNDAI,CRETA,2021,26637,77990,afm
HONDA,HRV,2021,49461,78990,afm
NISSAN,ALTIMA,2018,28460,79990,afm
CHEVROLET,CAPTIVA,2022,57978,79990,afm
RENAULT,KOLEOS,2021,44074,85996,afm
TOYOTA,CAMRY,2021,46028,89990,afm
TOYOTA,PRADO,2016,58680,89990,afm
BMW,3-SERIES,2018,54960,91990,afm
MITSUBISHI,PAJERO,2020,28719,93990,afm
NISSAN,PATHFINDER,2019,47589,96990,afm
NISSAN,MAXIMA,2020,57538,99990,afm
TOYOTA,FORTUNER,2018,29060,100900,afm
NISSAN,XTRAIL,2021,35244,104990,afm
MAZDA,CX5,2022,49923,104990,afm
MAZDA,CX5,2022,42800,104990,afm
JEEP,WRANGLER,2018,41055,109990,afm
MITSUBISHI,MONTERO,2023,1608,129990,afm
TOYOTA,CAMRY,2022,54964,129990,afm
NISSAN,XTERRA,2022,26342,132990,afm
TOYOTA,PRADO,2019,51010,149990,afm
VOLVO,XC60,2019,53066,152990,afm
JEEP,GRAND,2021,46070,157990,afm
JEEP,GRAND,2021,48859,158990,afm
TOYOTA,PRADO,2018,40188,162990,afm
NISSAN,PATROL,2021,29214,169990,afm
BENZ,C-CLASS,2020,42332,179990,afm
BMW,5-SERIES,2020,31275,189990,afm
BMW,3-SERIES,2021,29002,234990,afm
NISSAN,PATROL,2021,44580,279995,afm
NISSAN,PATROL,2021,35772,289995,afm
NISSAN,PATROL,2023,1739,314990,afm
AUDI,A3,2020,76945,79999,nxt
BMW,5-SERIES,2019,64855,124999,nxt
BMW,X5,2019,86482,219999,nxt
BMW,X5,2019,107001,239999,nxt
CHEVROLET,SPARK,2019,89581,29999,nxt
HONDA,HRV,2021,34178,74999,nxt
HYUNDAI,SONATA,2020,55833,69999,nxt
HYUNDAI,SONATA,2020,58222,69999,nxt
HYUNDAI,SONATA,2020,56495,69999,nxt
HYUNDAI,SONATA,2020,62094,74972,nxt
HYUNDAI,SONATA,2020,61555,69999,nxt
HYUNDAI,ELANTRA,2020,65923,61900,nxt
HYUNDAI,ACCENT,2019,94699,39999,nxt
HYUNDAI,ACCENT,2020,83619,47999,nxt
HYUNDAI,ELANTRA,2020,84264,59900,nxt
HYUNDAI,ACCENT,2020,75733,47999,nxt
INFINITI,QX55,2022,10142,189999,nxt
INFINITI,Q50,2019,46841,109999,nxt
INFINITI,Q50,2019,62769,109999,nxt
INFINITI,QX55,2022,5500,189999,nxt
INFINITI,QX80,2020,94268,199999,nxt
INFINITI,QX80,2018,65950,189999,nxt
INFINITI,QX50,2021,33336,177900,nxt
INFINITI,QX50,2021,28998,178900,nxt
INFINITI,QX50,2021,37464,179900,nxt
INFINITI,QX50,2021,43301,179900,nxt
INFINITI,QX50,2021,17139,179900,nxt
INFINITI,QX50,2021,31778,179900,nxt
KIA,RIO,2019,87254,44999,nxt
KIA,PICANTO,2020,58755,36999,nxt
KIA,PICANTO,2020,71453,36999,nxt
KIA,PICANTO,2020,71135,36999,nxt
KIA,SPORTAGE,2019,70028,69999,nxt
KIA,SPORTAGE,2019,62114,69999,nxt
KIA,PICANTO,2020,92021,36999,nxt
LANDROVER,RANGEROVER,2017,89645,199999,nxt
LANDROVER,RANGEROVER,2020,86501,349999,nxt
LANDROVER,RANGEROVER,2020,74161,349999,nxt
MAZDA,3,2019,89904,49999,nxt
MAZDA,CX9,2021,57100,124999,nxt
MAZDA,CX5,2021,40947,87972,nxt
MAZDA,6,2020,64870,66999,nxt
MAZDA,6,2021,65111,75999,nxt
MAZDA,6,2020,86026,64999,nxt
MAZDA,6,2021,53573,79999,nxt
MAZDA,6,2020,66101,66999,nxt
MAZDA,6,2020,88044,69999,nxt
MITSUBISHI,ATTRAGE,2019,65479,34999,nxt
MITSUBISHI,ATTRAGE,2019,58400,34999,nxt
MITSUBISHI,ATTRAGE,2022,78459,39999,nxt
MITSUBISHI,PAJERO,2018,96503,68900,nxt
NISSAN,SUNNY,2019,74577,37999,nxt
NISSAN,ALTIMA,2020,97371,74999,nxt
NISSAN,ALTIMA,2020,84261,74999,nxt
NISSAN,ALTIMA,2020,91111,74999,nxt
NISSAN,ALTIMA,2020,83486,77999,nxt
NISSAN,MICRA,2020,71657,38900,nxt
NISSAN,SENTRA,2019,113024,46900,nxt
NISSAN,SENTRA,2020,94299,44999,nxt
NISSAN,XTRAIL,2020,101658,75972,nxt
NISSAN,ALTIMA,2020,93163,74999,nxt
NISSAN,ALTIMA,2018,114552,63972,nxt
NISSAN,ALTIMA,2019,89570,74999,nxt
NISSAN,KICKS,2018,106020,54900,nxt
NISSAN,ALTIMA,2019,99788,88900,nxt
NISSAN,SENTRA,2020,87675,52900,nxt
NISSAN,MICRA,2019,80374,34900,nxt
NISSAN,ALTIMA,2018,92661,59999,nxt
NISSAN,PATROL,2019,89000,199999,nxt
NISSAN,PATHFINDER,2020,67333,99999,nxt
NISSAN,SENTRA,2020,82258,48999,nxt
NISSAN,PATHFINDER,2020,71592,98999,nxt
NISSAN,PATHFINDER,2020,63733,98999,nxt
NISSAN,PATHFINDER,2018,96746,79999,nxt
NISSAN,MICRA,2019,110445,29999,nxt
NISSAN,PATROL,2019,88980,174999,nxt
NISSAN,PATROL,2019,49302,209999,nxt
NISSAN,PATROL,2021,61365,178169,nxt
NISSAN,XTRAIL,2019,114307,67900,nxt
NISSAN,PATHFINDER,2016,105449,54999,nxt
NISSAN,PATHFINDER,2020,100202,90900,nxt
NISSAN,KICKS,2018,107177,49999,nxt
NISSAN,PATROL,2021,22011,249972,nxt
NISSAN,PATROL,2020,53296,256900,nxt
PEUGEOT,3008,2019,65142,74999,nxt
RENAULT,CAPTUR,2019,63414,48972,nxt
RENAULT,CAPTUR,2019,60117,46999,nxt
RENAULT,SYMBOL,2020,115582,32999,nxt
TOYOTA,RUSH,2020,96080,62900,nxt
TOYOTA,COROLLA,2020,101471,59999,nxt
TOYOTA,COROLLA,2020,106789,59999,nxt
TOYOTA,YARIS,2019,69774,44999,nxt
TOYOTA,YARIS,2019,77488,44999,nxt
TOYOTA,YARIS,2019,112087,48972,nxt
TOYOTA,YARIS,2019,121708,43999,nxt
TOYOTA,YARIS,2019,112867,48972,nxt
TOYOTA,YARIS,2019,110294,48972,nxt
TOYOTA,YARIS,2021,67538,54999,nxt
TOYOTA,YARIS,2019,96676,44999,nxt
TOYOTA,YARIS,2019,111839,43999,nxt
TOYOTA,YARIS,2019,96784,44999,nxt
TOYOTA,YARIS,2019,123733,43999,nxt
TOYOTA,YARIS,2019,100578,47900,nxt
TOYOTA,CAMRY,2018,30008,74999,nxt
TOYOTA,CAMRY,2018,35331,74999,nxt
TOYOTA,YARIS,2019,114628,47900,nxt
VOLKSWAGEN,PASSAT,2020,60070,79999,nxt
VOLKSWAGEN,PASSAT,2020,56140,79999,nxt
VOLKSWAGEN,PASSAT,2020,61014,79999,nxt
VOLKSWAGEN,PASSAT,2020,60644,79999,nxt
BMW,X3,2018,62975,149900,nxt
BMW,5-SERIES,2016,61000,87900,nxt
BMW,4-SERIES,2019,122000,164999,nxt
BMW,3-SERIES,2018,88000,79999,nxt
CHEVROLET,MALIBU,2022,72000,67900,nxt
CHEVROLET,CAPTIVA,2023,10,79900,nxt
CHEVROLET,CAPTIVA,2023,10,79900,nxt
CHEVROLET,CAPTIVA,2023,10,79900,nxt
CHEVROLET,CAPTIVA,2023,10,79900,nxt
CHEVROLET,CAPTIVA,2023,10,79900,nxt
CHEVROLET,CAPTIVA,2023,10,79900,nxt
CHEVROLET,CAPTIVA,2023,10,79900,nxt
CHEVROLET,CAPTIVA,2023,10,79900,nxt
CHEVROLET,CAPTIVA,2023,10,79900,nxt
CHEVROLET,CAPTIVA,2023,10,79900,nxt
CHEVROLET,CAPTIVA,2023,3950,83900,nxt
CHEVROLET,TAHOE,2019,60075,189900,nxt
CHEVROLET,CAPTIVA,2023,10,84900,nxt
CHEVROLET,SPARK,2019,81977,29999,nxt
CHEVROLET,SPARK,2019,70666,29999,nxt
CHEVROLET,SPARK,2019,62386,29999,nxt
CHEVROLET,SPARK,2019,67374,29999,nxt
CHEVROLET,SPARK,2019,76620,29999,nxt
DODGE,CHARGER,2019,80700,99900,nxt
FORD,ECOSPORT,2021,59658,54900,nxt
FORD,ECOSPORT,2021,23572,56900,nxt
HONDA,PILOT,2017,85068,99999,nxt
HONDA,ACCORD,2021,39214,109999,nxt
HONDA,HRV,2021,33530,74999,nxt
HONDA,HRV,2021,46065,74999,nxt
HONDA,HRV,2021,33451,74999,nxt
HONDA,HRV,2021,34750,74999,nxt
HONDA,ACCORD,2020,58000,94999,nxt
HYUNDAI,ACCENT,2020,73957,44999,nxt
HYUNDAI,ACCENT,2021,58727,49999,nxt
HYUNDAI,ACCENT,2021,63038,49999,nxt
HYUNDAI,ACCENT,2020,59448,44999,nxt
HYUNDAI,ACCENT,2020,66477,44999,nxt
HYUNDAI,ACCENT,2020,74052,44999,nxt
HYUNDAI,ELANTRA,2020,83491,54999,nxt
INFINITI,QX60,2022,9545,204900,nxt
INFINITI,QX60,2022,4266,204900,nxt
INFINITI,QX60,2022,9818,209900,nxt
INFINITI,QX55,2022,5313,149900,nxt
INFINITI,Q50,2018,116444,69900,nxt
INFINITI,Q50,2020,36617,119900,nxt
INFINITI,QX50,2020,62559,119900,nxt
INFINITI,Q50,2022,16254,139900,nxt
INFINITI,Q50,2022,16978,138900,nxt
INFINITI,QX50,2021,48269,144900,nxt
INFINITI,QX50,2021,110000,109900,nxt
INFINITI,Q50,2021,35077,132900,nxt
INFINITI,Q50,2022,10709,138900,nxt
INFINITI,Q50,2021,64274,119900,nxt
INFINITI,QX80,2020,110151,199900,nxt
INFINITI,QX80,2021,78924,214900,nxt
INFINITI,QX55,2022,3100,184900,nxt
INFINITI,Q50,2018,61208,89999,nxt
INFINITI,Q50,2020,40000,114999,nxt
INFINITI,Q50,2021,30000,132900,nxt
INFINITI,Q50,2022,30766,124999,nxt
INFINITI,QX60,2020,48467,144999,nxt
INFINITI,QX60,2020,42044,144999,nxt
INFINITI,QX60,2020,43072,144999,nxt
INFINITI,QX60,2020,43650,144999,nxt
INFINITI,QX60,2020,47772,144999,nxt
INFINITI,QX60,2020,37713,144999,nxt
INFINITI,QX60,2020,42724,144999,nxt
INFINITI,QX60,2020,35854,144999,nxt
INFINITI,QX60,2020,38739,144999,nxt
INFINITI,QX60,2020,37500,144999,nxt
INFINITI,QX60,2020,49958,144999,nxt
INFINITI,Q50,2020,43160,114999,nxt
INFINITI,Q50,2020,54891,114999,nxt
INFINITI,Q50,2019,62022,109999,nxt
INFINITI,QX60,2018,71846,118999,nxt
INFINITI,QX80,2020,20518,209999,nxt
INFINITI,QX60,2017,92298,104900,nxt
INFINITI,QX60,2018,95000,104999,nxt
INFINITI,QX80,2018,143191,149999,nxt
INFINITI,QX55,2022,15909,187999,nxt
INFINITI,QX55,2022,1383,201900,nxt
KIA,RIO,2020,70106,52900,nxt
KIA,PICANTO,2020,62061,36999,nxt
KIA,PICANTO,2020,86135,36999,nxt
KIA,PICANTO,2020,60279,36999,nxt
KIA,PICANTO,2019,69769,34999,nxt
KIA,PICANTO,2020,103185,36999,nxt
KIA,PICANTO,2020,68143,36999,nxt
KIA,PICANTO,2019,79693,34999,nxt
KIA,SPORTAGE,2020,31820,79999,nxt
KIA,PICANTO,2019,88098,34999,nxt
LANDROVER,RANGEROVER,2019,82005,229999,nxt
LANDROVER,RANGEROVER,2018,96000,229900,nxt
MAZDA,CX9,2020,62947,112900,nxt
MAZDA,CX9,2020,67003,109900,nxt
MAZDA,3,2019,110400,49999,nxt
MAZDA,6,2020,67740,66999,nxt
MAZDA,3,2019,96199,49999,nxt
MAZDA,3,2019,102166,49999,nxt
MAZDA,3,2019,106193,49999,nxt
MAZDA,3,2019,107908,49999,nxt
MAZDA,3,2019,39287,47900,nxt
BENZ,E-CLASS,2021,84000,239900,nxt
BENZ,C-CLASS,2017,145000,119999,nxt
MITSUBISHI,ASX,2020,30530,59999,nxt
MITSUBISHI,ASX,2020,75417,68999,nxt
MITSUBISHI,ASX,2020,47596,64900,nxt
MITSUBISHI,ASX,2020,74295,69999,nxt
MITSUBISHI,ATTRAGE,2020,84629,39999,nxt
MITSUBISHI,ASX,2020,96307,61999,nxt
MITSUBISHI,ASX,2019,55183,59999,nxt
MITSUBISHI,ASX,2019,47899,59999,nxt
MITSUBISHI,ASX,2020,76352,62999,nxt
MITSUBISHI,ASX,2020,98889,61999,nxt
MITSUBISHI,ASX,2019,40678,59999,nxt
MITSUBISHI,ASX,2020,53792,64999,nxt
MITSUBISHI,ATTRAGE,2019,63497,34999,nxt
MITSUBISHI,ASX,2020,78028,62999,nxt
MITSUBISHI,ATTRAGE,2019,66289,34999,nxt
MITSUBISHI,ASX,2020,43986,64999,nxt
MITSUBISHI,ASX,2019,80111,59999,nxt
MITSUBISHI,ATTRAGE,2019,91659,29999,nxt
MITSUBISHI,ASX,2020,76180,64999,nxt
MITSUBISHI,ATTRAGE,2019,65591,34999,nxt
MITSUBISHI,PAJERO,2020,12000,119900,nxt
MITSUBISHI,ATTRAGE,2020,65744,39999,nxt
MITSUBISHI,ASX,2020,84037,62999,nxt
MITSUBISHI,ASX,2019,72415,59999,nxt
MITSUBISHI,ATTRAGE,2019,78681,34999,nxt
MITSUBISHI,ATTRAGE,2019,68148,34999,nxt
MITSUBISHI,ATTRAGE,2019,85528,33999,nxt
MITSUBISHI,ATTRAGE,2019,118125,37999,nxt
MITSUBISHI,OUTLANDER,2019,97999,69999,nxt
MITSUBISHI,ATTRAGE,2019,79993,34999,nxt
MITSUBISHI,ATTRAGE,2019,80768,33999,nxt
MITSUBISHI,ASX,2019,118125,54999,nxt
MITSUBISHI,ATTRAGE,2019,84765,33999,nxt
MITSUBISHI,ATTRAGE,2019,75296,34999,nxt
MITSUBISHI,ATTRAGE,2019,54895,34999,nxt
MITSUBISHI,ATTRAGE,2019,65547,34999,nxt
MITSUBISHI,ATTRAGE,2019,72109,34999,nxt
MITSUBISHI,ATTRAGE,2019,72925,34999,nxt
MITSUBISHI,ATTRAGE,2019,87896,29999,nxt
NISSAN,XTERRA,2022,36349,92900,nxt
NISSAN,PATROL,2021,30091,199900,nxt
NISSAN,MAXIMA,2022,36349,124900,nxt
NISSAN,MAXIMA,2022,50723,124900,nxt
NISSAN,KICKS,2020,74034,61900,nxt
NISSAN,PATROL,2022,43119,225900,nxt
NISSAN,MAXIMA,2021,38156,104900,nxt
NISSAN,XTERRA,2022,16706,99900,nxt
NISSAN,PATROL,2018,103177,109900,nxt
NISSAN,SUNNY,2022,11265,55900,nxt
NISSAN,ALTIMA,2022,20000,104900,nxt
NISSAN,PATHFINDER,2020,62518,107900,nxt
NISSAN,ALTIMA,2020,95075,94900,nxt
NISSAN,ALTIMA,2019,34245,74900,nxt
NISSAN,SUNNY,2020,39900,49900,nxt
NISSAN,SUNNY,2022,21412,54900,nxt
NISSAN,PATROL,2022,27224,225900,nxt
NISSAN,SUNNY,2020,51010,39900,nxt
NISSAN,XTERRA,2022,31457,99900,nxt
NISSAN,PATROL,2022,12037,231900,nxt
NISSAN,XTERRA,2022,30129,92900,nxt
NISSAN,PATROL,2022,16201,176900,nxt
NISSAN,KICKS,2021,60000,67900,nxt
NISSAN,XTRAIL,2020,69671,85900,nxt
NISSAN,SUNNY,2019,107880,29000,nxt
NISSAN,SUNNY,2020,77623,39900,nxt
NISSAN,SUNNY,2020,105031,36900,nxt
NISSAN,SUNNY,2020,98325,29900,nxt
NISSAN,ALTIMA,2019,53602,82900,nxt
NISSAN,MICRA,2020,62767,41900,nxt
NISSAN,MICRA,2020,51195,41900,nxt
NISSAN,MICRA,2020,44955,41900,nxt
NISSAN,MICRA,2020,26067,41900,nxt
NISSAN,SUNNY,2022,58981,45900,nxt
NISSAN,SUNNY,2022,53612,45900,nxt
NISSAN,SUNNY,2022,43121,45900,nxt
NISSAN,SUNNY,2022,36169,46900,nxt
NISSAN,SUNNY,2020,91135,36900,nxt
NISSAN,KICKS,2022,30757,66900,nxt
NISSAN,KICKS,2022,19585,68900,nxt
NISSAN,XTERRA,2021,36609,94900,nxt
NISSAN,ALTIMA,2020,83851,75900,nxt
NISSAN,PATROL,2021,54901,165900,nxt
NISSAN,PATROL,2023,82,179900,nxt
NISSAN,ALTIMA,2020,64424,89900,nxt
NISSAN,MICRA,2020,67471,41900,nxt
NISSAN,MICRA,2020,63607,41900,nxt
NISSAN,MICRA,2020,37554,41900,nxt
NISSAN,PATROL,2020,55000,222900,nxt
NISSAN,SUNNY,2022,36009,46900,nxt
NISSAN,SUNNY,2022,53874,45900,nxt
NISSAN,SUNNY,2022,47747,45900,nxt
NISSAN,SUNNY,2022,41205,45900,nxt
NISSAN,SUNNY,2022,38875,46900,nxt
NISSAN,SUNNY,2022,31480,46900,nxt
NISSAN,SUNNY,2022,31175,46900,nxt
NISSAN,SUNNY,2022,29262,46900,nxt
NISSAN,SUNNY,2022,28452,46900,nxt
NISSAN,SUNNY,2021,54627,45900,nxt
NISSAN,ALTIMA,2018,69000,65900,nxt
NISSAN,XTRAIL,2019,24330,72900,nxt
NISSAN,XTRAIL,2020,101439,72900,nxt
NISSAN,ALTIMA,2019,41210,84900,nxt
NISSAN,XTRAIL,2020,77043,83900,nxt
NISSAN,SUNNY,2020,83893,38900,nxt
NISSAN,SUNNY,2020,102768,36900,nxt
NISSAN,SUNNY,2019,103442,35900,nxt
NISSAN,KICKS,2019,67088,56900,nxt
NISSAN,ALTIMA,2018,67509,62900,nxt
NISSAN,SENTRA,2019,85474,44900,nxt
NISSAN,SENTRA,2020,56962,49900,nxt
NISSAN,PATROL,2022,9082,235900,nxt
NISSAN,PATROL,2022,21970,225900,nxt
NISSAN,ALTIMA,2022,2334,104900,nxt
NISSAN,ALTIMA,2022,45428,92900,nxt
NISSAN,XTERRA,2022,21421,101900,nxt
NISSAN,PATROL,2022,8377,229900,nxt
NISSAN,PATROL,2017,63839,129900,nxt
NISSAN,XTRAIL,2021,72670,79900,nxt
NISSAN,ALTIMA,2021,60945,79900,nxt
NISSAN,SUNNY,2022,50204,41900,nxt
NISSAN,SUNNY,2020,83955,37900,nxt
NISSAN,PATROL,2020,90000,224900,nxt
NISSAN,ALTIMA,2020,45228,80900,nxt
NISSAN,PATROL,2022,1086,193290,nxt
NISSAN,PATROL,2019,94000,174900,nxt
NISSAN,PATROL,2022,0,194900,nxt
NISSAN,XTRAIL,2020,43036,82900,nxt
NISSAN,SUNNY,2022,14675,71900,nxt
NISSAN,PATHFINDER,2020,64575,109900,nxt
NISSAN,SUNNY,2020,73112,39900,nxt
NISSAN,SENTRA,2020,92401,52900,nxt
NISSAN,KICKS,2020,57771,64900,nxt
NISSAN,MAXIMA,2020,63447,109900,nxt
NISSAN,XTRAIL,2019,95744,76900,nxt
NISSAN,ALTIMA,2020,53770,89900,nxt
NISSAN,SENTRA,2020,73541,54900,nxt
NISSAN,KICKS,2018,31000,67900,nxt
NISSAN,PATHFINDER,2020,98232,99900,nxt
NISSAN,SENTRA,2019,47713,49900,nxt
NISSAN,XTRAIL,2020,84131,79900,nxt
NISSAN,ALTIMA,2020,56855,79900,nxt
NISSAN,XTRAIL,2020,70074,81900,nxt
NISSAN,PATHFINDER,2020,79037,104900,nxt
NISSAN,MAXIMA,2020,54306,109900,nxt
NISSAN,SUNNY,2019,97662,38900,nxt
NISSAN,MICRA,2020,92243,37900,nxt
NISSAN,ALTIMA,2020,108403,75900,nxt
NISSAN,XTRAIL,2019,70822,76900,nxt
NISSAN,XTRAIL,2020,82834,71314,nxt
NISSAN,XTRAIL,2019,80507,75900,nxt
NISSAN,SUNNY,2020,78955,42900,nxt
NISSAN,PATHFINDER,2020,103474,89999,nxt
NISSAN,PATROL,2020,89000,249972,nxt
NISSAN,PATROL,2020,62000,224972,nxt
NISSAN,SUNNY,2020,72285,39972,nxt
NISSAN,SENTRA,2020,87224,49972,nxt
NISSAN,PATHFINDER,2020,75176,106900,nxt
NISSAN,PATROL,2018,93354,214900,nxt
NISSAN,PATHFINDER,2020,58586,99972,nxt
NISSAN,SUNNY,2019,96341,40900,nxt
NISSAN,SUNNY,2021,75506,43900,nxt
NISSAN,SUNNY,2021,89243,43900,nxt
NISSAN,MAXIMA,2021,48000,142900,nxt
NISSAN,MICRA,2020,78614,36999,nxt
NISSAN,KICKS,2019,94531,56900,nxt
NISSAN,ALTIMA,2020,99801,81900,nxt
NISSAN,PATROL,2022,25441,259900,nxt
NISSAN,PATROL,2019,70800,194900,nxt
NISSAN,SENTRA,2020,108768,49900,nxt
NISSAN,MICRA,2020,58299,37999,nxt
NISSAN,ALTIMA,2022,17934,99900,nxt
NISSAN,MICRA,2020,60515,36999,nxt
NISSAN,KICKS,2020,79184,66900,nxt
NISSAN,XTRAIL,2019,79674,76900,nxt
NISSAN,PATHFINDER,2020,143958,89900,nxt
NISSAN,ALTIMA,2020,83987,82900,nxt
NISSAN,MICRA,2020,60309,36999,nxt
NISSAN,KICKS,2020,93486,65900,nxt
NISSAN,XTRAIL,2019,76457,87900,nxt
NISSAN,ALTIMA,2020,91465,83900,nxt
NISSAN,ALTIMA,2020,111591,77900,nxt
NISSAN,MICRA,2020,77631,36999,nxt
NISSAN,MICRA,2019,106406,30900,nxt
NISSAN,PATHFINDER,2016,141007,59999,nxt
NISSAN,MICRA,2020,59261,36999,nxt
NISSAN,MICRA,2020,49768,36999,nxt
NISSAN,ALTIMA,2020,47828,94900,nxt
NISSAN,PATROL,2018,88300,204999,nxt
NISSAN,ALTIMA,2020,41463,87900,nxt
NISSAN,PATROL,2019,103506,159999,nxt
NISSAN,PATROL,2019,63958,179900,nxt
NISSAN,PATROL,2019,33747,209900,nxt
NISSAN,PATROL,2019,115580,175900,nxt
NISSAN,XTERRA,2021,1790,110900,nxt
PEUGEOT,3008,2019,57881,74999,nxt
PEUGEOT,3008,2020,82465,104999,nxt
PEUGEOT,3008,2019,63302,74999,nxt
PEUGEOT,3008,2019,46000,84999,nxt
RENAULT,KOLEOS,2022,68886,87900,nxt
RENAULT,MEGANE,2020,85055,51900,nxt
RENAULT,SYMBOL,2019,89914,29900,nxt
RENAULT,SYMBOL,2019,80788,29900,nxt
RENAULT,SYMBOL,2020,95310,29900,nxt
RENAULT,SYMBOL,2020,83794,34900,nxt
RENAULT,MEGANE,2020,80066,51900,nxt
RENAULT,KOLEOS,2022,20206,92900,nxt
RENAULT,KOLEOS,2022,40619,79900,nxt
RENAULT,CAPTUR,2020,86073,54900,nxt
RENAULT,SYMBOL,2021,61395,39900,nxt
RENAULT,MEGANE,2020,128403,44900,nxt
RENAULT,KOLEOS,2019,97730,59900,nxt
RENAULT,KOLEOS,2019,80873,61900,nxt
RENAULT,SYMBOL,2020,106217,34900,nxt
RENAULT,CAPTUR,2019,66616,44999,nxt
RENAULT,SYMBOL,2020,113838,32900,nxt
RENAULT,SYMBOL,2020,60070,34900,nxt
RENAULT,SYMBOL,2020,85972,34900,nxt
RENAULT,KOLEOS,2019,97590,59999,nxt
RENAULT,CAPTUR,2019,90435,39999,nxt
RENAULT,CAPTUR,2019,80809,44999,nxt
RENAULT,MEGANE,2020,57200,119999,nxt
RENAULT,CAPTUR,2019,78779,44999,nxt
RENAULT,MEGANE,2018,39092,74999,nxt
RENAULT,DUSTER,2022,17000,54999,nxt
RENAULT,KOLEOS,2021,64265,84900,nxt
RENAULT,KOLEOS,2018,93487,74900,nxt
RENAULT,KOLEOS,2018,129000,59999,nxt
RENAULT,CAPTUR,2019,68677,44999,nxt
TOYOTA,YARIS,2019,92551,48900,nxt
TOYOTA,YARIS,2019,90616,48900,nxt
TOYOTA,YARIS,2019,82148,48900,nxt
TOYOTA,YARIS,2021,71702,54999,nxt
TOYOTA,YARIS,2019,91761,44999,nxt
TOYOTA,COROLLA,2018,35000,54999,nxt
TOYOTA,YARIS,2019,116800,43999,nxt
TOYOTA,CAMRY,2021,55400,104900,nxt
TOYOTA,YARIS,2019,82243,44999,nxt
TOYOTA,YARIS,2019,117023,42999,nxt
TOYOTA,YARIS,2019,82519,44999,nxt
TOYOTA,YARIS,2019,126409,43999,nxt
TOYOTA,YARIS,2019,95232,44999,nxt
TOYOTA,YARIS,2019,108443,42999,nxt
VOLKSWAGEN,GOLF,2022,45475,174900,nxt
VOLKSWAGEN,GOLF,2019,66100,129900,nxt
VOLKSWAGEN,PASSAT,2020,60266,79999,nxt
NISSAN,KICKS,2018,79558,49999,carnab
HONDA,CIVIC,2017,107685,49999,carnab
AUDI,A3,2016,102016,50999,carnab
VOLKSWAGEN,TIGUAN,2014,138214,30999,carnab
MITSUBISHI,LANCER,2017,106012,31499,carnab
MITSUBISHI,ATTRAGE,2019,158006,29999,carnab
MITSUBISHI,LANCER,2017,131009,37999,carnab
RENAULT,DUSTER,2018,28651,29999,carnab
HONDA,ACCORD,2022,4367,110999,carnab
MITSUBISHI,ECLIPSE,2020,104866,72999,carnab
MITSUBISHI,ECLIPSE,2019,33925,69999,carnab
MITSUBISHI,OUTLANDER,2020,140808,59999,carnab
VOLKSWAGEN,PASSAT,2020,88263,69999,carnab
INFINITI,Q50,2019,92313,69999,carnab
VOLKSWAGEN,TIGUAN,2015,115939,40999,carnab
NISSAN,XTRAIL,2018,88032,64999,carnab
MITSUBISHI,LANCER,2017,22341,36999,carnab
HYUNDAI,TUCSON,2020,83294,80999,carnab
HYUNDAI,SANTA,2019,55233,85999,carnab
MITSUBISHI,LANCER,2017,82482,38999,carnab
RENAULT,SYMBOL,2021,4980,35999,carnab
NISSAN,KICKS,2022,15430,69999,carnab
NISSAN,XTRAIL,2015,127323,45999,carnab
HONDA,CIVIC,2020,32816,69999,carnab
MG,ZS,2020,92351,45999,carnab
NISSAN,PATHFINDER,2015,116811,49999,carnab
KIA,PICANTO,2018,87700,29999,carnab
NISSAN,XTERRA,2022,36603,99999,carnab
RENAULT,KOLEOS,2020,60491,65999,carnab
NISSAN,XTRAIL,2018,28928,69999,carnab
TOYOTA,RAV4,2018,87554,74999,carnab
VOLKSWAGEN,TIGUAN,2016,120514,40999,carnab
NISSAN,JUKE,2015,146303,32999,carnab
VOLKSWAGEN,TIGUAN,2016,166509,49999,carnab
TOYOTA,COROLLA,2020,110155,57999,carnab
MITSUBISHI,LANCER,2017,93579,41499,carnab
BENZ,C-CLASS,2015,151412,86999,carnab
MITSUBISHI,ASX,2020,139851,60999,carnab
NISSAN,KICKS,2018,120269,45999,carnab
MAZDA,6,2020,75655,65999,carnab
NISSAN,MICRA,2020,112027,30499,carnab
MITSUBISHI,LANCER,2017,107807,41499,carnab
MITSUBISHI,PAJERO,2020,112932,76999,carnab
MITSUBISHI,PAJERO,2020,137108,69999,carnab
NISSAN,MICRA,2020,155868,31999,carnab
NISSAN,MICRA,2019,118276,31499,carnab
MAZDA,6,2020,64693,71499,carnab
MAZDA,6,2020,63204,71499,carnab
MAZDA,6,2020,60604,71499,carnab
TOYOTA,COROLLA,2020,74701,63999,carnab
MAZDA,6,2020,64693,71499,carnab
MITSUBISHI,LANCER,2017,112253,39999,carnab
MITSUBISHI,LANCER,2017,119798,39999,carnab
NISSAN,ALTIMA,2020,148004,67999,carnab
TOYOTA,PRADO,2018,104949,140999,carnab
TOYOTA,PRADO,2017,90218,89999,carnab
MAZDA,CX9,2019,118048,109999,carnab
MITSUBISHI,ASX,2020,138545,70999,carnab
MITSUBISHI,ASX,2020,121739,65999,carnab
MITSUBISHI,ATTRAGE,2018,128082,29499,carnab
MITSUBISHI,PAJERO,2019,99892,71999,carnab
TOYOTA,YARIS,2020,116700,47499,carnab
NISSAN,ALTIMA,2020,111438,75499,carnab
NISSAN,MICRA,2019,152315,31999,carnab
MITSUBISHI,ASX,2019,156607,51499,carnab
MITSUBISHI,PAJERO,2020,79702,86999,carnab
TOYOTA,PRADO,2021,20426,172999,carnab
TOYOTA,PRADO,2021,42750,166999,carnab
MAZDA,6,2021,105211,74499,carnab
TOYOTA,COROLLA,2019,103049,55999,carnab
HYUNDAI,ACCENT,2020,153487,45999,carnab
JEEP,WRANGLER,2018,73647,94999,carnab
MITSUBISHI,ATTRAGE,2019,146818,28499,carnab
MITSUBISHI,PAJERO,2019,151869,67999,carnab
JEEP,WRANGLER,2014,127396,57999,carnab
HYUNDAI,SANTA,2016,156428,59999,carnab
NISSAN,SENTRA,2019,143597,42999,carnab
MAZDA,6,2020,101536,68999,carnab
NISSAN,ALTIMA,2017,61375,60999,carnab
MITSUBISHI,LANCER,2017,88310,43999,carnab
MAZDA,6,2018,87054,69999,carnab
MITSUBISHI,ATTRAGE,2021,37101,36499,carnab
KIA,PICANTO,2019,164393,28999,carnab
KIA,PICANTO,2019,129664,30999,carnab
HONDA,CIVIC,2016,76526,59999,carnab
HONDA,ACCORD,2017,94971,79499,carnab
INFINITI,QX70,2015,115793,62999,carnab
HONDA,ACCORD,2017,30475,53999,carnab
NISSAN,KICKS,2018,97941,52999,carnab
CHEVROLET,CAPTIVA,2022,70324,62999,carnab
MITSUBISHI,LANCER,2015,75412,22999,carnab
MITSUBISHI,ASX,2018,103152,40999,carnab
RENAULT,SYMBOL,2020,54545,27999,carnab
FORD,ESCAPE,2021,67208,68999,carnab
CHEVROLET,CAPTIVA,2021,72352,50999,carnab
KIA,RIO,2021,79286,43999,carnab
HYUNDAI,SONATA,2020,113198,48500,carnab
MAZDA,3,2016,111233,33814,carnab
KIA,SPORTAGE,2017,83858,53999,carnab
MITSUBISHI,LANCER,2015,102753,30499,carnab
HYUNDAI,TUCSON,2016,54404,59974,carnab
MITSUBISHI,LANCER,2016,61250,25314,carnab
CHEVROLET,SPARK,2019,42579,28814,carnab
KIA,SPORTAGE,2019,43340,74999,carnab
RENAULT,DUSTER,2019,49751,50408,carnab
MITSUBISHI,MONTERO,2019,35325,78814,carnab
TOYOTA,PRADO,2015,109570,104814,carnab
INFINITI,QX60,2015,111237,68314,carnab
AUDI,A3,2015,125241,47999,carnab
VOLKSWAGEN,PASSAT,2013,137708,22500,carnab
FORD,EDGE,2016,88483,54999,carnab
VOLVO,XC60,2014,135073,35999,carnab
NISSAN,XTRAIL,2015,126596,40999,carnab
NISSAN,SUNNY,2020,85283,35999,carnab
HONDA,HRV,2020,35061,54999,carnab
KIA,PEGAS,2023,10602,45999,carnab
RENAULT,SYMBOL,2018,48684,24999,carnab
INFINITI,QX50,2015,92214,39999,carnab
NISSAN,SUNNY,2021,33846,34999,carnab
NISSAN,KICKS,2018,44342,52499,carnab
MG,5,2020,84535,37499,carnab
NISSAN,SENTRA,2019,25198,40999,carnab
MITSUBISHI,LANCER,2016,96098,31999,carnab
KIA,SPORTAGE,2016,91439,45999,carnab
HONDA,CITY,2019,101581,32999,carnab
MITSUBISHI,PAJERO,2015,113287,41999,carnab
KIA,CERATO,2017,69168,39999,carnab
BMW,3-SERIES,2018,133996,55999,carnab
TOYOTA,YARIS,2019,27918,44999,carnab
HYUNDAI,TUCSON,2022,14789,104999,carnab
TOYOTA,COROLLA,2021,91087,83999,carnab
HYUNDAI,ELANTRA,2015,87235,31499,carnab
RENAULT,SYMBOL,2019,86807,24999,carnab
NISSAN,KICKS,2018,56064,56999,carnab
NISSAN,XTRAIL,2015,85602,48999,carnab
RENAULT,CAPTUR,2017,136794,34999,carnab
FORD,ESCAPE,2017,116710,38999,carnab
HONDA,ACCORD,2017,78959,55999,carnab
BMW,3-SERIES,2017,113055,62999,carnab
MAZDA,3,2018,98061,37999,carnab
HYUNDAI,SANTA,2015,153568,44999,carnab
MG,5,2020,38397,39999,carnab
FORD,FOCUS,2016,115394,27999,carnab
RENAULT,SYMBOL,2017,75950,19999,carnab
NISSAN,XTRAIL,2015,81489,46999,carnab
GAC,GS3,2021,55832,49999,carnab
SUZUKI,SWIFT,2017,62839,31499,carnab
TOYOTA,YARIS,2019,40406,46999,carnab
NISSAN,SENTRA,2020,58192,45499,carnab
NISSAN,SENTRA,2016,145663,26999,carnab
KIA,RIO,2020,41016,41999,carnab
MG,5,2022,41539,40999,carnab
NISSAN,SENTRA,2016,107876,31999,carnab
KIA,SPORTAGE,2017,132119,56999,carnab
KIA,PICANTO,2020,69860,33999,carnab
NISSAN,JUKE,2016,124179,36999,carnab
NISSAN,ALTIMA,2019,85114,62999,carnab
TOYOTA,YARIS,2019,45326,40999,carnab
HYUNDAI,SANTA,2016,93487,51999,carnab
KIA,RIO,2016,88841,29999,carnab
NISSAN,KICKS,2018,89070,52999,carnab
FORD,ECOSPORT,2014,92891,21999,carnab
VOLKSWAGEN,PASSAT,2014,97732,31499,carnab
NISSAN,KICKS,2017,151106,41999,carnab
RENAULT,DUSTER,2018,37144,29999,carnab
RENAULT,SYMBOL,2019,38207,31999,carnab
NISSAN,SUNNY,2020,85261,34999,carnab
RENAULT,DUSTER,2015,118826,19999,carnab
NISSAN,MICRA,2019,55714,31999,carnab
MITSUBISHI,PAJERO,2014,142828,38499,carnab
MAZDA,CX5,2016,128729,50999,carnab
NISSAN,JUKE,2015,99862,36499,carnab
TOYOTA,RUSH,2022,18937,67999,carnab
HONDA,ACCORD,2016,158210,45999,carnab
MITSUBISHI,LANCER,2015,135348,26999,carnab
FORD,EXPLORER,2014,156557,39825,carnab
VOLKSWAGEN,GOLF,2018,92212,95499,carnab
HONDA,CIVIC,2013,80142,31999,carnab
MITSUBISHI,PAJERO,2014,103695,36999,carnab
CHEVROLET,MALIBU,2017,120443,42999,carnab
MITSUBISHI,PAJERO,2014,62163,40499,carnab
MITSUBISHI,LANCER,2016,81295,34999,carnab
MITSUBISHI,ATTRAGE,2019,61700,34999,carnab
BENZ,E-CLASS,2016,110342,70999,carnab
TOYOTA,YARIS,2015,113428,30999,carnab
CHEVROLET,SPARK,2018,83441,26999,carnab
RENAULT,CAPTUR,2019,48191,40999,carnab
TOYOTA,COROLLA,2020,55488,60999,carnab
KIA,CERATO,2016,107055,36999,carnab
MITSUBISHI,OUTLANDER,2017,102545,49499,carnab
TOYOTA,COROLLA,2022,8477,70999,carnab
MITSUBISHI,LANCER,2016,76264,36999,carnab
NISSAN,XTRAIL,2018,81230,71999,carnab
HYUNDAI,SANTA,2013,232066,18899,carnab
FORD,ESCAPE,2019,26535,74999,carnab
HYUNDAI,ACCENT,2020,51771,55999,carnab
MITSUBISHI,MONTERO,2019,24741,88999,carnab
JEEP,WRANGLER,2018,28388,124999,carnab
BMW,4-SERIES,2014,128331,54999,carnab
MITSUBISHI,PAJERO,2016,164331,41999,carnab
HONDA,ACCORD,2016,147225,56999,carnab
MAZDA,CX9,2016,92553,62999,carnab
MITSUBISHI,ATTRAGE,2019,129941,30999,carnab
HYUNDAI,CRETA,2022,13965,70999,carnab
KIA,RIO,2020,42379,55999,carnab
MITSUBISHI,MONTERO,2017,86947,64999,carnab
BMW,3-SERIES,2018,94177,83999,carnab
NISSAN,SUNNY,2015,95295,25999,carnab
CHEVROLET,CAPTIVA,2022,15792,69999,carnab
FORD,ECOSPORT,2015,125763,29999,carnab
FORD,FIGO,2018,72690,27999,carnab
KIA,RIO,2014,138627,25999,carnab
MITSUBISHI,PAJERO,2016,74910,64999,carnab
JEEP,GRAND,2018,124367,82999,carnab
NISSAN,JUKE,2014,77007,34999,carnab
HONDA,CITY,2017,107726,42999,carnab
MITSUBISHI,ASX,2013,64217,31999,carnab
NISSAN,XTRAIL,2020,68478,69999,carnab
HYUNDAI,SANTA,2015,165127,41999,carnab
HONDA,ACCORD,2015,103610,44999,carnab
MAZDA,3,2018,33817,47999,carnab
HONDA,ACCORD,2015,98835,47999,carnab
CHEVROLET,CAPTIVA,2021,30081,60999,carnab
NISSAN,PATROL,2017,74008,100999,carnab
KIA,SPORTAGE,2019,20317,75999,carnab
BMW,X2,2020,68881,114999,carnab
NISSAN,JUKE,2016,40147,49999,carnab
HONDA,CRV,2020,46469,109999,carnab
FORD,EDGE,2014,68373,46999,carnab
MINI,COOPER,2015,101781,44999,carnab
NISSAN,SENTRA,2016,100019,36999,carnab
NISSAN,SUNNY,2022,19706,45999,carnab
HONDA,ACCORD,2016,105195,59999,carnab
VOLKSWAGEN,GOLF,2018,38783,115999,carnab
MITSUBISHI,LANCER,2016,81137,36999,carnab
NISSAN,ALTIMA,2016,83265,44999,carnab
MITSUBISHI,OUTLANDER,2015,130956,38999,carnab
DODGE,CHARGER,2017,54793,69999,carnab
INFINITI,QX50,2018,123686,70999,carnab
NISSAN,JUKE,2016,112677,39999,carnab
NISSAN,KICKS,2019,28288,59999,carnab
BMW,3-SERIES,2020,39074,173999,carnab
HONDA,CRV,2017,83587,83999,carnab
KIA,PICANTO,2020,45983,42999,carnab
BMW,X4,2017,99785,114999,carnab
NISSAN,PATROL,2016,112159,90999,carnab
NISSAN,ALTIMA,2020,73368,69999,carnab
FORD,ESCAPE,2015,121041,31499,carnab
FORD,FIGO,2017,95165,24999,carnab
NISSAN,ALTIMA,2019,91961,64999,carnab
HYUNDAI,TUCSON,2018,129916,59999,carnab
HYUNDAI,TUCSON,2017,137093,49999,carnab
HYUNDAI,ACCENT,2019,41876,42999,carnab
NISSAN,XTRAIL,2020,35253,74999,carnab
MITSUBISHI,ASX,2017,92922,45999,carnab
HONDA,ACCORD,2013,68947,41499,carnab
BMW,4-SERIES,2018,39811,125999,carnab
MG,6,2020,90374,49999,carnab
NISSAN,JUKE,2015,77331,36999,carnab
NISSAN,JUKE,2014,127569,28999,carnab
DODGE,CHARGER,2020,27951,99999,carnab
JEEP,WRANGLER,2018,41891,115499,carnab
HYUNDAI,SANTA,2019,89768,79999,carnab
MITSUBISHI,LANCER,2015,55397,31499,carnab
MG,ZS,2020,29893,49999,carnab
KIA,SPORTAGE,2016,61407,41999,carnab
MAZDA,6,2015,112236,39999,carnab
MITSUBISHI,PAJERO,2016,89393,46999,carnab
TOYOTA,COROLLA,2020,53910,59999,carnab
NISSAN,ALTIMA,2013,82173,24999,carnab
MAZDA,CX3,2018,122799,54999,carnab
HYUNDAI,TUCSON,2015,92735,34999,carnab
SUZUKI,SWIFT,2019,32021,32999,carnab
MG,6,2020,42820,54999,carnab
FORD,ECOSPORT,2017,22748,42999,carnab
RENAULT,DUSTER,2019,76707,38999,carnab
FORD,FIGO,2018,77342,25999,carnab
MAZDA,CX9,2014,123007,39499,carnab
RENAULT,SYMBOL,2020,31944,25499,carnab
CHEVROLET,CAPTIVA,2021,18139,59999,carnab
FORD,EDGE,2016,83950,34999,carnab
RENAULT,DUSTER,2015,125985,17999,carnab
MITSUBISHI,LANCER,2015,120773,27999,carnab
FORD,ECOSPORT,2018,50966,39999,carnab
FORD,EXPLORER,2014,140210,39999,carnab
TOYOTA,FORTUNER,2015,134923,50999,carnab
MITSUBISHI,MONTERO,2019,25676,80999,carnab
RENAULT,DUSTER,2019,54308,41999,carnab
MAZDA,CX3,2022,6308,69999,carnab
VOLKSWAGEN,PASSAT,2016,74730,41999,carnab
MITSUBISHI,LANCER,2015,99765,31499,carnab
MITSUBISHI,MONTERO,2019,17609,80999,carnab
MITSUBISHI,OUTLANDER,2017,47737,59499,carnab
MG,ZS,2021,69246,59999,carnab
CHEVROLET,CAPTIVA,2015,121574,31499,carnab
MAZDA,3,2014,176716,12815,carnab
MITSUBISHI,LANCER,2016,91188,33499,carnab
TOYOTA,COROLLA,2015,112225,39999,carnab
NISSAN,XTRAIL,2019,22318,71999,carnab
FORD,ESCAPE,2015,109543,31499,carnab
FORD,FIGO,2016,98516,20999,carnab
BENZ,C-CLASS,2016,103108,84999,carnab
TOYOTA,COROLLA,2015,125811,39999,carnab
FORD,FOCUS,2016,114232,25999,carnab
FORD,EDGE,2013,128171,36499,carnab
HYUNDAI,CRETA,2018,78497,48999,carnab
NISSAN,PATROL,2014,107497,69999,carnab
MAZDA,3,2016,45724,46999,carnab
MAZDA,6,2015,132343,46499,carnab
NISSAN,XTRAIL,2017,119360,66999,carnab
FORD,FOCUS,2016,59355,31499,carnab
HYUNDAI,ACCENT,2015,123051,21999,carnab
JEEP,COMPASS,2016,69649,40999,carnab
HYUNDAI,SANTA,2016,85725,52999,carnab
MITSUBISHI,MONTERO,2019,27306,77999,carnab
MITSUBISHI,PAJERO,2015,162701,41999,carnab
FORD,ECOSPORT,2015,120297,26499,carnab
MITSUBISHI,PAJERO,2015,32021,49499,carnab
MITSUBISHI,LANCER,2016,57215,34499,carnab
MITSUBISHI,MONTERO,2019,49932,80999,carnab
NISSAN,JUKE,2015,89766,38499,carnab
KIA,RIO,2015,148892,31499,carnab
RENAULT,CAPTUR,2017,72996,36999,carnab
MITSUBISHI,PAJERO,2015,95562,40999,carnab
FORD,FOCUS,2014,97834,21999,carnab
FORD,EDGE,2014,118842,40999,carnab
SUZUKI,SWIFT,2022,13,43999,carnab
FORD,EDGE,2013,87949,31499,carnab
NISSAN,XTRAIL,2015,27401,55999,carnab
HONDA,CITY,2019,37889,49499,carnab
SUZUKI,SWIFT,2022,97,39999,carnab
HONDA,CRV,2019,31609,99999,carnab
KIA,SPORTAGE,2021,21700,80999,carnab
HONDA,ACCORD,2013,83165,38999,carnab
RENAULT,SYMBOL,2016,151245,17999,carnab
CHEVROLET,SPARK,2020,7511,32499,carnab
RENAULT,SYMBOL,2020,33758,32999,carnab
HONDA,CIVIC,2020,9209,71999,carnab
VOLKSWAGEN,GOLF,2015,166871,31499,carnab
BMW,4-SERIES,2015,133632,67999,carnab
NISSAN,JUKE,2016,100342,46499,carnab
FORD,FOCUS,2015,157814,20999,carnab
MITSUBISHI,PAJERO,2014,145949,49499,carnab
HONDA,CRV,2017,70345,79999,carnab
HONDA,HRV,2020,50205,65999,carnab
MAZDA,3,2018,52545,41999,carnab
NISSAN,KICKS,2018,64305,51999,carnab
FORD,FOCUS,2015,116829,22999,carnab
FORD,ECOSPORT,2016,91200,36999,carnab
MITSUBISHI,MONTERO,2017,78585,68999,carnab
MITSUBISHI,MONTERO,2017,43710,63999,carnab
AUDI,A3,2016,57610,57499,carnab
NISSAN,JUKE,2014,86224,35999,carnab
FORD,FOCUS,2016,106938,25999,carnab
JEEP,WRANGLER,2020,16881,174999,carnab
FORD,EXPLORER,2016,50305,65999,carnab
HONDA,PILOT,2017,16872,115999,carnab
INFINITI,Q50,2021,28020,119999,carnab
NISSAN,XTRAIL,2017,25623,65499,carnab
MITSUBISHI,MONTERO,2019,2893,89999,carnab
HONDA,CIVIC,2020,40590,68999,carnab
HYUNDAI,SONATA,2016,67992,54999,carnab
TOYOTA,RAV4,2017,97974,76999,carnab
HONDA,CITY,2016,98755,31999,carnab
CHEVROLET,CAPTIVA,2023,29137,65999,carnab
HONDA,CITY,2019,62274,44999,carnab
NISSAN,SUNNY,2016,51192,22999,carnab
NISSAN,JUKE,2016,91285,34999,carnab
NISSAN,KICKS,2017,107653,44999,carnab
TOYOTA,LANDCRUISER,2018,82126,174199,cars24
NISSAN,ALTIMA,2017,112460,72199,cars24
INFINITI,Q50,2020,71491,107111,cars24
MG,ZS,2020,90921,54199,cars24
HONDA,ACCORD,2015,120943,46199,cars24
RENAULT,MEGANE,2020,98820,43999,cars24
INFINITI,Q50,2023,11929,157499,cars24
MITSUBISHI,PAJERO,2014,191195,41499,cars24
BMW,4-SERIES,2017,119469,97999,cars24
LANDROVER,RANGEROVER,2016,147610,138599,cars24
INFINITI,Q50,2021,40998,115499,cars24
INFINITI,Q50,2015,140544,68099,cars24
INFINITI,Q50,2019,75015,94299,cars24
MITSUBISHI,OUTLANDER,2014,175892,34199,cars24
VOLKSWAGEN,PASSAT,2014,91720,39299,cars24
TOYOTA,COROLLA,2020,88442,71399,cars24
VOLKSWAGEN,TIGUAN,2018,89122,77111,cars24
HYUNDAI,TUCSON,2014,76260,41199,cars24
BMW,X6,2016,110522,124899,cars24
NISSAN,PATHFINDER,2015,111798,62599,cars24
TOYOTA,YARIS,2016,159395,40099,cars24
INFINITI,Q50,2021,46397,114099,cars24
FORD,EDGE,2019,96569,91499,cars24
MITSUBISHI,LANCER,2017,174339,36099,cars24
NISSAN,JUKE,2014,137436,38399,cars24
RENAULT,KOLEOS,2018,53893,64199,cars24
HONDA,HRV,2021,47293,71699,cars24
JEEP,WRANGLER,2019,104286,134099,cars24
VOLKSWAGEN,PASSAT,2016,150300,46599,cars24
INFINITI,QX60,2018,68132,114599,cars24
INFINITI,Q50,2016,140698,66199,cars24
INFINITI,Q50,2017,64753,74699,cars24
VOLKSWAGEN,PASSAT,2018,99753,58199,cars24
INFINITI,Q50,2021,34152,118799,cars24
BENZ,C-CLASS,2017,103195,155499,cars24
MITSUBISHI,PAJERO,2014,165058,52799,cars24
HONDA,ACCORD,2016,145381,59899,cars24
HYUNDAI,TUCSON,2020,102970,82899,cars24
FORD,ECOSPORT,2017,106793,41199,cars24
BMW,4-SERIES,2015,92135,87999,cars24
INFINITI,Q50,2018,79285,82111,cars24
NISSAN,KICKS,2020,24281,70199,cars24
MITSUBISHI,PAJERO,2015,157269,53399,cars24
MAZDA,6,2017,120756,44999,cars24
MITSUBISHI,PAJERO,2014,176835,39999,cars24
NISSAN,ALTIMA,2016,135547,54399,cars24
JEEP,GRAND,2015,115333,55099,cars24
HONDA,ACCORD,2016,71719,65699,cars24
DODGE,CHARGER,2017,144435,69199,cars24
HONDA,ACCORD,2016,123558,47999,cars24
TOYOTA,COROLLA,2014,129939,41299,cars24
TOYOTA,FORTUNER,2013,186872,49999,cars24
NISSAN,PATHFINDER,2015,108572,73111,cars24
RENAULT,KOLEOS,2015,64163,37899,cars24
FORD,FIGO,2019,109597,33222,cars24
FORD,FOCUS,2017,85328,40699,cars24
MITSUBISHI,PAJERO,2019,86224,77299,cars24
CHEVROLET,TAHOE,2015,138281,96999,cars24
FORD,FOCUS,2018,103436,46099,cars24
NISSAN,ALTIMA,2020,98240,69099,cars24
KIA,SPORTAGE,2016,63872,58199,cars24
FORD,FOCUS,2017,105210,35899,cars24
NISSAN,ALTIMA,2020,97960,70111,cars24
MINI,COOPER,2018,121871,87799,cars24
RENAULT,KOLEOS,2018,91604,62099,cars24
FORD,FIGO,2016,192948,23799,cars24
RENAULT,KOLEOS,2021,29411,106899,cars24
FORD,EDGE,2014,127927,45799,cars24
NISSAN,PATHFINDER,2015,137213,69499,cars24
LANDROVER,RANGEROVER,2018,77492,137899,cars24
NISSAN,ALTIMA,2020,99505,70999,cars24
NISSAN,ALTIMA,2020,26251,78499,cars24
INFINITI,QX70,2016,117714,80799,cars24
VOLKSWAGEN,TIGUAN,2020,129101,86099,cars24
JEEP,WRANGLER,2018,120694,93899,cars24
MITSUBISHI,LANCER,2017,166123,38399,cars24
MITSUBISHI,ATTRAGE,2021,36922,44699,cars24
NISSAN,JUKE,2015,131293,39599,cars24
RENAULT,SYMBOL,2017,56413,30899,cars24
NISSAN,ALTIMA,2020,76043,72111,cars24
TOYOTA,FORTUNER,2019,128220,99111,cars24
TOYOTA,COROLLA,2013,203309,31499,cars24
MITSUBISHI,PAJERO,2019,114780,71555,cars24
MITSUBISHI,LANCER,2016,116629,38999,cars24
MITSUBISHI,PAJERO,2015,131014,55699,cars24
RENAULT,MEGANE,2020,79645,53699,cars24
HYUNDAI,TUCSON,2015,183996,40399,cars24
TOYOTA,PRADO,2017,132946,125699,cars24
JEEP,WRANGLER,2018,110264,103399,cars24
JEEP,WRANGLER,2017,92216,97799,cars24
MITSUBISHI,PAJERO,2017,64390,65299,cars24
CHEVROLET,CAPTIVA,2021,82448,65099,cars24
INFINITI,QX50,2019,149739,125599,cars24
MITSUBISHI,LANCER,2016,100751,40999,cars24
MITSUBISHI,MONTERO,2021,32294,119899,cars24
MITSUBISHI,LANCER,2016,172638,34499,cars24
MITSUBISHI,ECLIPSE,2020,47483,73199,cars24
VOLKSWAGEN,TIGUAN,2015,115935,55222,cars24
MITSUBISHI,LANCER,2016,161384,38111,cars24
FORD,FOCUS,2016,152590,33899,cars24
NISSAN,SUNNY,2019,137846,32199,cars24
RENAULT,KOLEOS,2019,80057,80299,cars24
VOLKSWAGEN,PASSAT,2020,87207,60599,cars24
INFINITI,QX60,2014,181170,46899,cars24
MG,ZS,2019,91520,47499,cars24
JEEP,WRANGLER,2020,52406,154999,cars24
KIA,SPORTAGE,2012,185357,33499,cars24
KIA,SPORTAGE,2020,22989,81599,cars24
KIA,SPORTAGE,2016,134311,53999,cars24
MITSUBISHI,LANCER,2017,121942,37555,cars24
MITSUBISHI,OUTLANDER,2020,65107,72699,cars24
VOLKSWAGEN,TIGUAN,2015,117032,48899,cars24
RENAULT,KOLEOS,2019,141770,51999,cars24
FORD,FOCUS,2018,89647,41399,cars24
JEEP,WRANGLER,2020,81538,170299,cars24
NISSAN,ALTIMA,2013,108442,31799,cars24
VOLKSWAGEN,GOLF,2015,180313,43899,cars24
KIA,SPORTAGE,2019,60565,69799,cars24
MITSUBISHI,ATTRAGE,2020,166437,31599,cars24
KIA,SPORTAGE,2020,79843,73699,cars24
TOYOTA,RUSH,2019,117443,57999,cars24
RENAULT,SYMBOL,2017,55722,37111,cars24
NISSAN,ALTIMA,2019,74900,80799,cars24
MITSUBISHI,PAJERO,2014,189288,61499,cars24
MITSUBISHI,PAJERO,2016,156901,60399,cars24
HYUNDAI,CRETA,2019,110403,54999,cars24
NISSAN,JUKE,2015,101978,43299,cars24
JEEP,WRANGLER,2018,69854,102199,cars24
MITSUBISHI,ECLIPSE,2019,50456,67599,cars24
HYUNDAI,ELANTRA,2020,81357,53499,cars24
TOYOTA,PRADO,2016,77976,101699,cars24
NISSAN,ALTIMA,2020,103734,66899,cars24
NISSAN,PATHFINDER,2018,95486,82111,cars24
NISSAN,PATHFINDER,2014,83070,58222,cars24
JEEP,GRAND,2017,127381,98111,cars24
MITSUBISHI,LANCER,2015,180713,31399,cars24
VOLKSWAGEN,GOLF,2014,197871,49699,cars24
VOLKSWAGEN,PASSAT,2020,93235,57999,cars24
KIA,SPORTAGE,2015,130787,51699,cars24
NISSAN,JUKE,2016,62961,48699,cars24
MITSUBISHI,OUTLANDER,2017,105541,61399,cars24
MAZDA,6,2020,105610,65899,cars24
RENAULT,DUSTER,2020,66566,53111,cars24
MAZDA,CX3,2019,85004,75399,cars24
RENAULT,MEGANE,2020,71012,46111,cars24
TOYOTA,FORTUNER,2019,49912,110199,cars24
JEEP,GRAND,2018,137656,114999,cars24
NISSAN,MAXIMA,2017,110925,79111,cars24
MITSUBISHI,LANCER,2016,89588,38222,cars24
CHEVROLET,TAHOE,2016,137452,99499,cars24
NISSAN,MAXIMA,2016,131582,68599,cars24
KIA,SPORTAGE,2018,117030,57111,cars24
HONDA,CRV,2013,141992,44599,cars24
NISSAN,MAXIMA,2017,134866,80099,cars24
TOYOTA,PRADO,2017,103488,127399,cars24
NISSAN,MAXIMA,2018,119453,80899,cars24
VOLKSWAGEN,PASSAT,2014,129763,37111,cars24
HYUNDAI,TUCSON,2015,159772,44999,cars24
FORD,EDGE,2017,118159,93499,cars24
KIA,CERATO,2017,54908,51599,cars24
MINI,COOPER,2021,37148,108699,cars24
RENAULT,SYMBOL,2017,87102,30111,cars24
VOLKSWAGEN,TIGUAN,2017,123040,90199,cars24
MITSUBISHI,PAJERO,2016,173912,54699,cars24
MITSUBISHI,LANCER,2017,121260,37999,cars24
JEEP,GRAND,2018,83794,127299,cars24
MINI,COOPER,2020,98782,112599,cars24
CHEVROLET,TAHOE,2015,113548,110111,cars24
NISSAN,SENTRA,2019,70532,45111,cars24
JEEP,GRAND,2018,99781,119899,cars24
KIA,SPORTAGE,2020,101678,69999,cars24
MITSUBISHI,ATTRAGE,2022,63336,45799,cars24
KIA,SPORTAGE,2017,114900,64999,cars24
MITSUBISHI,PAJERO,2017,70982,67599,cars24
VOLKSWAGEN,TIGUAN,2015,120196,62399,cars24
DODGE,CHARGER,2013,118366,43699,cars24
JEEP,GRAND,2018,108876,114099,cars24
NISSAN,MAXIMA,2016,108589,64222,cars24
HYUNDAI,ELANTRA,2020,55985,57899,cars24
VOLKSWAGEN,TIGUAN,2019,136894,110299,cars24
MITSUBISHI,LANCER,2016,77889,39111,cars24
RENAULT,DUSTER,2019,40584,56111,cars24
VOLKSWAGEN,PASSAT,2020,121471,53899,cars24
JEEP,GRAND,2019,53853,139899,cars24
MITSUBISHI,LANCER,2017,180367,32999,cars24
KIA,SPORTAGE,2019,50761,67899,cars24
VOLKSWAGEN,TIGUAN,2016,75623,59999,cars24
MITSUBISHI,LANCER,2016,118767,36399,cars24
TOYOTA,YARIS,2021,41979,55111,cars24
NISSAN,SUNNY,2019,114639,35222,cars24
LEXUS,GX460,2016,107615,135111,cars24
MITSUBISHI,PAJERO,2019,79315,87111,cars24
VOLKSWAGEN,TIGUAN,2017,136510,94799,cars24
MITSUBISHI,PAJERO,2016,70562,63999,cars24
RENAULT,DUSTER,2019,120954,44111,cars24
TOYOTA,COROLLA,2018,36531,69399,cars24
HYUNDAI,TUCSON,2015,63921,47899,cars24
NISSAN,ALTIMA,2019,83830,66111,cars24
SUZUKI,SWIFT,2020,81187,50899,cars24
INFINITI,QX50,2015,144760,59899,cars24
MITSUBISHI,LANCER,2015,115828,33599,cars24
BENZ,C-CLASS,2016,144048,94111,cars24
JEEP,GRAND,2017,116615,106999,cars24
MITSUBISHI,PAJERO,2020,20861,106999,cars24
NISSAN,ALTIMA,2018,106535,53222,cars24
HONDA,CIVIC,2020,56080,83699,cars24
HYUNDAI,TUCSON,2016,101216,52999,cars24
NISSAN,ALTIMA,2017,83041,52444,cars24
FORD,FOCUS,2016,119388,33699,cars24
VOLKSWAGEN,PASSAT,2020,58251,74111,cars24
JEEP,GRAND,2019,65389,141399,cars24
INFINITI,QX70,2019,100579,104599,cars24
MITSUBISHI,OUTLANDER,2016,122313,50111,cars24
FORD,FOCUS,2018,106851,38199,cars24
RENAULT,DUSTER,2020,148104,44799,cars24
TOYOTA,PRADO,2015,90060,110299,cars24
DODGE,CHARGER,2014,134747,56999,cars24
MITSUBISHI,PAJERO,2020,60359,78199,cars24
TOYOTA,RUSH,2019,77474,67999,cars24
NISSAN,PATROL,2021,91169,222999,cars24
MITSUBISHI,PAJERO,2020,40548,79399,cars24
RENAULT,SYMBOL,2020,55468,34111,cars24
MITSUBISHI,ATTRAGE,2019,104464,31599,cars24
RENAULT,MEGANE,2018,89475,80599,cars24
FORD,FOCUS,2018,150399,38111,cars24
NISSAN,ALTIMA,2018,131777,54399,cars24
RENAULT,KOLEOS,2015,91407,35599,cars24
TOYOTA,FORTUNER,2021,73248,114699,cars24
NISSAN,ALTIMA,2018,53356,58399,cars24
TOYOTA,LANDCRUISER,2013,90239,122399,cars24
MAZDA,3,2017,158045,50099,cars24
MITSUBISHI,PAJERO,2017,107475,66699,cars24
MITSUBISHI,PAJERO,2019,38890,84699,cars24
VOLKSWAGEN,GOLF,2016,118713,50499,cars24
BMW,X2,2018,96701,109999,cars24
NISSAN,KICKS,2019,54529,65299,cars24
HYUNDAI,TUCSON,2015,186184,44099,cars24
RENAULT,KOLEOS,2015,103251,34799,cars24
MITSUBISHI,PAJERO,2020,55458,79199,cars24
MITSUBISHI,ASX,2017,84459,51999,cars24
TOYOTA,COROLLA,2016,46343,53799,cars24
MITSUBISHI,PAJERO,2020,43459,84199,cars24
KIA,SPORTAGE,2020,84709,74699,cars24
JEEP,GRAND,2020,73407,147699,cars24
LANDROVER,RANGEROVER,2016,96963,180444,cars24
NISSAN,SENTRA,2020,128220,45999,cars24
MITSUBISHI,LANCER,2015,141306,31299,cars24
HYUNDAI,TUCSON,2018,91639,66599,cars24
NISSAN,ALTIMA,2017,127514,52111,cars24
MITSUBISHI,PAJERO,2015,119813,50299,cars24
HYUNDAI,TUCSON,2015,143848,43899,cars24
MITSUBISHI,PAJERO,2018,96648,76699,cars24
NISSAN,ALTIMA,2020,74950,69599,cars24
MITSUBISHI,OUTLANDER,2020,50576,75499,cars24
RENAULT,DUSTER,2020,12173,55399,cars24
FORD,FOCUS,2016,108263,36499,cars24
HYUNDAI,TUCSON,2017,166392,59299,cars24
NISSAN,ALTIMA,2020,98973,70111,cars24
RENAULT,DUSTER,2019,84101,41499,cars24
KIA,SPORTAGE,2017,126421,63111,cars24
TOYOTA,YARIS,2019,59825,52222,cars24
HONDA,ACCORD,2014,141274,39399,cars24
TOYOTA,PRADO,2019,104412,151899,cars24
JEEP,COMPASS,2018,89996,72299,cars24
TOYOTA,RUSH,2019,85226,67499,cars24
HYUNDAI,ELANTRA,2020,121668,53111,cars24
HYUNDAI,ELANTRA,2020,95614,54111,cars24
VOLKSWAGEN,GOLF,2021,55065,154999,cars24
NISSAN,PATROL,2019,86945,165699,cars24
HYUNDAI,CRETA,2019,143643,55699,cars24
NISSAN,SENTRA,2019,124392,46333,cars24
TOYOTA,PRADO,2019,122227,158899,cars24
NISSAN,KICKS,2020,74476,59899,cars24
HYUNDAI,TUCSON,2020,91239,85899,cars24
INFINITI,QX50,2015,137084,52899,cars24
NISSAN,KICKS,2019,83454,58899,cars24
FORD,ECOSPORT,2017,98053,44222,cars24
NISSAN,PATROL,2015,69852,111899,cars24
NISSAN,SENTRA,2020,106369,44999,cars24
RENAULT,SYMBOL,2017,132434,27999,cars24
TOYOTA,YARIS,2016,116380,40499,cars24
INFINITI,QX60,2014,103676,80899,cars24
BMW,7-SERIES,2016,91933,149444,cars24
RENAULT,MEGANE,2020,35783,56499,cars24
BMW,X5,2018,127587,153399,cars24
NISSAN,PATROL,2021,64901,245222,cars24
MITSUBISHI,ATTRAGE,2021,47736,45799,cars24
NISSAN,PATROL,2020,84070,239111,cars24
NISSAN,PATROL,2020,79822,247333,cars24
NISSAN,SENTRA,2020,82461,43199,cars24
RENAULT,DUSTER,2021,59975,56099,cars24
FORD,FIGO,2017,89674,30399,cars24
HONDA,ACCORD,2018,122270,82699,cars24
BMW,X6,2016,143263,114399,cars24
KIA,RIO,2015,107749,32899,cars24
INFINITI,QX50,2015,108653,67222,cars24
MITSUBISHI,MONTERO,2017,104443,70699,cars24
BMW,5-SERIES,2015,88048,79222,cars24
NISSAN,XTERRA,2021,43811,118699,cars24
FORD,ECOSPORT,2017,105380,41099,cars24
JAGUAR,F,2015,64304,139111,cars24
RENAULT,DUSTER,2017,68222,41111,cars24
VOLKSWAGEN,PASSAT,2013,138980,31399,cars24
NISSAN,XTERRA,2021,47051,95599,cars24
HONDA,ACCORD,2014,118556,46111,cars24
MITSUBISHI,MONTERO,2019,82371,88299,cars24
DODGE,CHARGER,2019,117802,105222,cars24
BMW,X3,2019,79584,168399,cars24
BMW,X6,2015,105285,119222,cars24
TOYOTA,YARIS,2016,113462,38399,cars24
HONDA,CRV,2014,147866,49899,cars24
HYUNDAI,CRETA,2019,66935,61111,cars24
TOYOTA,COROLLA,2019,143649,57299,cars24
NISSAN,KICKS,2019,152106,50111,cars24
FORD,ESCAPE,2015,91814,39099,cars24
HONDA,CITY,2016,95380,39899,cars24
FORD,ESCAPE,2014,72220,37699,cars24
TOYOTA,YARIS,2019,118857,46199,cars24
JEEP,GRAND,2018,121071,116899,cars24
BMW,7-SERIES,2019,10697,269333,cars24
HONDA,ACCORD,2015,77836,57899,cars24
JEEP,GRAND,2017,73019,135099,cars24
FORD,ECOSPORT,2015,109963,35199,cars24
NISSAN,ALTIMA,2016,129764,48799,cars24
HYUNDAI,CRETA,2019,122895,56699,cars24
HONDA,CIVIC,2015,110097,44899,cars24
BMW,X6,2014,130659,95099,cars24
HYUNDAI,CRETA,2018,132922,53499,cars24
BMW,4-SERIES,2018,81751,137199,cars24
HONDA,ACCORD,2015,214914,41599,cars24
JEEP,GRAND,2017,136330,94499,cars24
NISSAN,MAXIMA,2018,58912,79111,cars24
BMW,X5,2014,101745,104111,cars24
RENAULT,SYMBOL,2020,53047,38199,cars24
TOYOTA,RAV4,2015,129266,64399,cars24
KIA,SPORTAGE,2019,87794,81599,cars24
HONDA,ACCORD,2014,137045,52999,cars24
MITSUBISHI,OUTLANDER,2020,79266,72499,cars24
DODGE,CHARGER,2018,74224,80899,cars24
RENAULT,MEGANE,2020,51304,99999,cars24
VOLKSWAGEN,GOLF,2018,133821,100999,cars24
BMW,3-SERIES,2017,136516,70299,cars24
NISSAN,MAXIMA,2020,88601,91899,cars24
MITSUBISHI,OUTLANDER,2020,65780,78111,cars24
HONDA,CRV,2011,187798,35299,cars24
JEEP,GRAND,2017,124380,110899,cars24
FORD,FOCUS,2016,100246,58111,cars24
MG,ZS,2020,71032,55099,cars24
MAZDA,CX3,2020,105317,72699,cars24
HYUNDAI,ACCENT,2020,62585,47111,cars24
RENAULT,SYMBOL,2019,111908,30222,cars24
HYUNDAI,CRETA,2020,56940,78999,cars24
NISSAN,SENTRA,2018,106633,40799,cars24
TOYOTA,YARIS,2016,138179,38299,cars24
JAGUAR,F,2018,111117,129899,cars24
NISSAN,SENTRA,2019,89244,45111,cars24
HONDA,ACCORD,2012,194462,32299,cars24
TOYOTA,YARIS,2015,101349,37299,cars24
RENAULT,CAPTUR,2016,156647,35799,cars24
RENAULT,DUSTER,2019,58861,53699,cars24
NISSAN,MAXIMA,2016,111093,66499,cars24
VOLVO,XC60,2019,55748,154999,cars24
JAGUAR,F,2014,119843,109111,cars24
MAZDA,6,2019,61616,63999,cars24
RENAULT,DUSTER,2018,125453,36199,cars24
TOYOTA,CAMRY,2019,95839,95099,cars24
AUDI,A3,2016,139640,53199,cars24
NISSAN,SENTRA,2018,85824,44111,cars24
MITSUBISHI,ASX,2015,112343,39699,cars24
NISSAN,XTRAIL,2020,153510,67599,cars24
HONDA,ACCORD,2015,177446,46499,cars24
TOYOTA,YARIS,2016,132231,39111,cars24
KIA,SPORTAGE,2022,87890,79111,cars24
BMW,7-SERIES,2017,76092,142111,cars24
TOYOTA,YARIS,2019,142705,45699,cars24
RENAULT,SYMBOL,2022,81248,32299,cars24
MITSUBISHI,OUTLANDER,2018,46518,67799,cars24
KIA,SPORTAGE,2014,85711,48111,cars24
VOLVO,XC60,2021,41488,185699,cars24
JAGUAR,F,2019,77926,161799,cars24
TOYOTA,RAV4,2014,81825,61222,cars24
MAZDA,3,2019,109856,51799,cars24
DODGE,CHARGER,2013,154506,37999,cars24
TOYOTA,YARIS,2016,62317,42399,cars24
INFINITI,QX50,2015,90988,68111,cars24
MAZDA,CX3,2017,99488,59555,cars24
KIA,SPORTAGE,2015,143862,49111,cars24
MITSUBISHI,MONTERO,2017,38602,69699,cars24
TOYOTA,YARIS,2019,108542,44899,cars24
BMW,4-SERIES,2017,93574,128099,cars24
KIA,SPORTAGE,2016,104280,55399,cars24
MAZDA,6,2021,47341,71899,cars24
CHEVROLET,MALIBU,2021,73227,58099,cars24
TOYOTA,YARIS,2017,140678,43111,cars24
TOYOTA,COROLLA,2015,135160,51111,cars24
JAGUAR,F,2018,110397,124299,cars24
NISSAN,XTRAIL,2021,11877,85799,cars24
TOYOTA,YARIS,2019,105315,47199,cars24
KIA,SPORTAGE,2016,110289,53399,cars24
HONDA,ACCORD,2012,138542,32111,cars24
RENAULT,DUSTER,2018,80801,39222,cars24
KIA,SPORTAGE,2015,187996,46899,cars24
MITSUBISHI,OUTLANDER,2017,87133,58299,cars24
KIA,SPORTAGE,2019,102415,66899,cars24
MAZDA,6,2020,48608,69555,cars24
BENZ,C-CLASS,2021,42933,192699,cars24
HONDA,CIVIC,2020,148193,69299,cars24
NISSAN,KICKS,2019,55029,61999,cars24
HONDA,ACCORD,2012,154565,31999,cars24
HONDA,CRV,2017,70782,81299,cars24
TOYOTA,YARIS,2016,95460,42599,cars24
HONDA,CIVIC,2014,137685,39299,cars24
HYUNDAI,ACCENT,2020,103743,50799,cars24
NISSAN,SUNNY,2019,83493,40999,cars24
NISSAN,SUNNY,2019,125007,35111,cars24
LANDROVER,RANGEROVER,2015,120157,139111,cars24
NISSAN,KICKS,2017,110440,56499,cars24
INFINITI,QX50,2020,100503,105099,cars24
NISSAN,KICKS,2019,81888,61899,cars24
TOYOTA,RAV4,2014,139575,62399,cars24
LEXUS,GX460,2016,115891,135299,cars24
HYUNDAI,ACCENT,2020,45046,50499,cars24
NISSAN,SUNNY,2019,133806,37799,cars24
RENAULT,DUSTER,2017,109519,33111,cars24
BMW,5-SERIES,2019,96735,139999,cars24
KIA,SPORTAGE,2016,128808,48699,cars24
HYUNDAI,ACCENT,2019,128837,42899,cars24
DODGE,CHARGER,2014,128388,44299,cars24
BMW,7-SERIES,2020,4169,269333,cars24
MAZDA,CX9,2010,207302,29399,cars24
CHEVROLET,CAPTIVA,2022,49682,69999,cars24
MITSUBISHI,OUTLANDER,2016,126978,53999,cars24
HONDA,CIVIC,2017,134768,63499,cars24
INFINITI,QX50,2019,137762,99899,cars24
FORD,ESCAPE,2012,177371,27899,cars24
BENZ,C-CLASS,2015,119642,93111,cars24
FORD,ESCAPE,2013,165836,29399,cars24
BMW,3-SERIES,2017,110931,63099,cars24
BENZ,C-CLASS,2014,143395,62111,cars24
TOYOTA,YARIS,2019,92345,46999,cars24
CHEVROLET,MALIBU,2021,48736,62999,cars24
NISSAN,KICKS,2018,110741,60111,cars24
INFINITI,QX50,2020,119934,120599,cars24
HONDA,CIVIC,2014,166836,38111,cars24
MITSUBISHI,MONTERO,2017,88837,72699,cars24
BMW,X2,2020,60942,117699,cars24
MITSUBISHI,OUTLANDER,2017,141008,59999,cars24
HONDA,CIVIC,2017,82823,65699,cars24
MITSUBISHI,ATTRAGE,2019,83071,34499,cars24
MITSUBISHI,MONTERO,2020,61595,106699,cars24
NISSAN,XTRAIL,2018,71635,77111,cars24
HYUNDAI,ACCENT,2020,53914,46799,cars24
HONDA,CRV,2019,106508,87299,cars24
HONDA,CRV,2015,121571,55099,cars24
HYUNDAI,SANTA,2018,125841,65699,cars24
NISSAN,KICKS,2018,110175,60299,cars24
AUDI,A3,2016,70160,57399,cars24
BMW,7-SERIES,2016,96483,145333,cars24
HONDA,CIVIC,2015,161889,41399,cars24
NISSAN,KICKS,2019,41990,61899,cars24
BMW,X3,2015,95928,83899,cars24
FORD,ECOSPORT,2016,87156,45111,cars24
TOYOTA,COROLLA,2015,122793,45499,cars24
BMW,3-SERIES,2020,120472,134499,cars24
BMW,7-SERIES,2016,84076,156111,cars24
TOYOTA,COROLLA,2014,157446,43599,cars24
TOYOTA,COROLLA,2014,157446,43599,cars24
AUDI,A3,2019,112589,71111,cars24
NISSAN,XTRAIL,2020,87100,77222,cars24
HYUNDAI,ACCENT,2020,84550,47111,cars24
NISSAN,XTRAIL,2016,90200,66299,cars24
LANDROVER,RANGEROVER,2016,97746,149222,cars24
BENZ,E-CLASS,2014,33855,80111,cars24
NISSAN,KICKS,2020,51000,60499,cars24
BENZ,E-CLASS,2020,29750,232111,cars24
BMW,7-SERIES,2016,97920,135099,cars24
INFINITI,QX50,2015,117895,64222,cars24
NISSAN,XTRAIL,2021,89357,108899,cars24
LEXUS,GX460,2015,129026,130499,cars24
NISSAN,SUNNY,2019,166152,32999,cars24
HONDA,ACCORD,2016,158695,54599,cars24
NISSAN,KICKS,2018,67105,55899,cars24
HONDA,ACCORD,2016,111381,60111,cars24
HONDA,CIVIC,2020,111617,69599,cars24
JEEP,GRAND,2015,114111,91199,cars24
MAZDA,6,2021,82856,69499,cars24
JEEP,GRAND,2018,143780,103899,cars24
BMW,5-SERIES,2020,81700,156199,cars24
MITSUBISHI,LANCER,2015,160954,32999,cars24
BMW,4-SERIES,2017,130291,119999,cars24
BMW,4-SERIES,2019,69945,126499,cars24
MAZDA,CX3,2019,79503,71699,cars24
MAZDA,6,2020,78823,65799,cars24
BMW,X5,2014,111311,103222,cars24
HONDA,ACCORD,2017,109615,71111,cars24
HONDA,ACCORD,2018,173486,80399,cars24
NISSAN,XTRAIL,2019,117755,70111,cars24
BMW,X2,2020,84986,110099,cars24
NISSAN,XTRAIL,2017,52610,69199,cars24
HONDA,ACCORD,2015,87108,60299,cars24
RENAULT,DUSTER,2016,86104,34799,cars24
MITSUBISHI,ASX,2020,32213,77299,cars24
INFINITI,QX50,2015,125798,53799,cars24
NISSAN,KICKS,2019,118385,61699,cars24
LEXUS,GX460,2015,124307,128899,cars24
LANDROVER,RANGEROVER,2019,42274,223499,cars24
CHEVROLET,CAPTIVA,2022,41814,67299,cars24
HONDA,ACCORD,2017,116802,67099,cars24
NISSAN,XTERRA,2021,77129,97999,cars24
LANDROVER,RANGEROVER,2019,54679,241111,cars24
HONDA,CITY,2019,51540,56299,cars24
BMW,7-SERIES,2016,92052,146111,cars24
BENZ,E-CLASS,2014,94752,86111,cars24
TOYOTA,COROLLA,2019,111732,61299,cars24
BMW,5-SERIES,2020,108668,147111,cars24
NISSAN,KICKS,2018,120737,53199,cars24
BMW,3-SERIES,2017,98845,73599,cars24
NISSAN,XTRAIL,2015,138362,56111,cars24
JEEP,GRAND,2021,21027,133199,cars24
MITSUBISHI,ASX,2021,23254,72099,cars24
FORD,ESCAPE,2016,96350,46799,cars24
MAZDA,CX9,2016,113125,70555,cars24
MITSUBISHI,ASX,2017,115969,50299,cars24
NISSAN,SUNNY,2020,168451,36099,cars24
DODGE,CHARGER,2017,125080,84499,cars24
MAZDA,CX9,2020,87785,112999,cars24
HYUNDAI,ACCENT,2019,86232,45799,cars24
BMW,7-SERIES,2016,113734,137111,cars24
MAZDA,CX5,2017,130743,79222,cars24
HYUNDAI,ACCENT,2021,66142,48599,cars24
BMW,4-SERIES,2017,111918,109799,cars24
JEEP,GRAND,2019,36895,156111,cars24
TOYOTA,RAV4,2018,86966,81999,cars24
BMW,X5,2016,135038,118111,cars24
JEEP,GRAND,2020,38221,138899,cars24
HONDA,CIVIC,2020,74744,70999,cars24
VOLVO,XC60,2018,108066,129899,cars24
HYUNDAI,ACCENT,2019,69365,49899,cars24
HONDA,CIVIC,2020,105361,69899,cars24
LEXUS,GX460,2014,144526,116799,cars24
MAZDA,CX9,2020,79296,117111,cars24
NISSAN,SUNNY,2019,156128,33699,cars24
BENZ,E-CLASS,2016,68919,108111,cars24
HYUNDAI,ACCENT,2021,72879,46111,cars24
NISSAN,SUNNY,2020,106324,40199,cars24
RENAULT,CAPTUR,2017,104720,43111,cars24
CHEVROLET,MALIBU,2016,80831,39111,cars24
TOYOTA,CAMRY,2018,151987,71199,cars24
BENZ,E-CLASS,2017,68410,169444,cars24
NISSAN,KICKS,2019,56640,59799,cars24
MAZDA,6,2018,79251,60111,cars24
NISSAN,KICKS,2020,79573,60499,cars24
BMW,4-SERIES,2017,73909,130111,cars24
MITSUBISHI,ASX,2018,73829,57999,cars24
TOYOTA,RAV4,2015,171587,63199,cars24
KIA,PEGAS,2020,53028,48299,cars24
NISSAN,KICKS,2019,100092,56299,cars24
CHEVROLET,CAPTIVA,2021,53594,64799,cars24
HONDA,CIVIC,2020,71479,71499,cars24
KIA,PICANTO,2018,122000,34111,cars24
FORD,EXPLORER,2016,144771,71699,cars24
RENAULT,CAPTUR,2019,90841,40799,cars24
NISSAN,KICKS,2020,54700,66199,cars24
NISSAN,XTRAIL,2020,76328,79499,cars24
BENZ,C-CLASS,2017,89505,174111,cars24
NISSAN,KICKS,2019,106137,55111,cars24
RENAULT,CAPTUR,2019,81711,43299,cars24
HONDA,PILOT,2020,31273,116111,cars24
NISSAN,XTRAIL,2016,95956,62099,cars24
DODGE,CHARGER,2018,95792,93299,cars24
TOYOTA,RAV4,2017,117579,80099,cars24
LEXUS,GX460,2014,77114,149222,cars24
CHEVROLET,CAPTIVA,2022,56576,70111,cars24
NISSAN,MICRA,2019,131496,32699,cars24
NISSAN,KICKS,2019,67680,62399,cars24
NISSAN,KICKS,2020,62657,61499,cars24
JAGUAR,F,2018,147523,120499,cars24
NISSAN,KICKS,2019,56840,57799,cars24
HONDA,HRV,2020,42342,70599,cars24
MAZDA,CX3,2020,73232,73399,cars24
MITSUBISHI,LANCER,2016,90784,41499,cars24
MITSUBISHI,ASX,2018,124243,57599,cars24
MAZDA,CX5,2020,88475,96799,cars24
MITSUBISHI,ATTRAGE,2021,66562,39899,cars24
NISSAN,KICKS,2020,89561,66799,cars24
BENZ,C-CLASS,2021,52657,194899,cars24
FORD,EXPLORER,2017,153097,66799,cars24
NISSAN,XTRAIL,2019,70934,76399,cars24
HONDA,PILOT,2017,98365,96399,cars24
NISSAN,XTRAIL,2018,152391,61999,cars24
NISSAN,KICKS,2019,91734,55111,cars24
MITSUBISHI,MONTERO,2016,150045,59299,cars24
MITSUBISHI,MONTERO,2016,98113,65599,cars24
NISSAN,XTRAIL,2019,104370,70099,cars24
NISSAN,XTRAIL,2019,81263,91999,cars24
MAZDA,CX5,2020,99391,79999,cars24
NISSAN,XTRAIL,2018,88169,71111,cars24
MAZDA,CX5,2019,97330,75999,cars24
NISSAN,XTRAIL,2020,93102,77999,cars24
LANDROVER,RANGEROVER,2015,123551,137399,cars24
BENZ,C-CLASS,2019,47292,183699,cars24
MAZDA,CX5,2016,130118,59999,cars24
NISSAN,MICRA,2020,51427,36111,cars24
BMW,X2,2021,90683,124999,cars24
AUDI,A3,2018,96920,80099,cars24
NISSAN,KICKS,2020,84825,62111,cars24
NISSAN,MICRA,2020,74802,35499,cars24
AUDI,A3,2020,93395,79999,cars24
NISSAN,KICKS,2018,48365,66099,cars24
NISSAN,KICKS,2020,62174,59199,cars24
MAZDA,CX5,2017,94183,69111,cars24
NISSAN,KICKS,2020,73585,62111,cars24
MITSUBISHI,ASX,2020,43880,61399,cars24
MAZDA,6,2020,73496,67999,cars24
HONDA,CIVIC,2018,127745,64899,cars24
AUDI,A3,2018,64561,87199,cars24
TOYOTA,CAMRY,2019,89260,96499,cars24
FORD,EXPLORER,2016,76257,78111,cars24
HONDA,CIVIC,2017,81015,63111,cars24
HONDA,CIVIC,2017,131589,63299,cars24
NISSAN,KICKS,2018,56394,62999,cars24
NISSAN,KICKS,2019,71389,63399,cars24
MAZDA,CX5,2019,77794,80699,cars24
MAZDA,CX5,2017,79154,63999,cars24
PEUGEOT,3008,2019,75304,95299,cars24
NISSAN,KICKS,2017,102188,55111,cars24
HONDA,CIVIC,2017,119974,63099,cars24
MAZDA,CX5,2017,137570,65099,cars24
NISSAN,MICRA,2020,59373,35222,cars24
NISSAN,MICRA,2020,74107,32999,cars24
RENAULT,CAPTUR,2016,82712,37111,cars24
PEUGEOT,3008,2020,65981,76899,cars24
TOYOTA,CAMRY,2019,62173,104111,cars24
FORD,EXPLORER,2017,101003,85111,cars24
MITSUBISHI,ASX,2017,90284,53899,cars24
BMW,X4,2019,107963,181111,cars24
MITSUBISHI,ASX,2020,80389,56111,cars24
BMW,X4,2019,95853,193399,cars24
TOYOTA,CAMRY,2020,114815,80899,cars24
MITSUBISHI,ASX,2019,87189,61999,cars24
FORD,EXPLORER,2016,95608,71222,cars24
MITSUBISHI,ASX,2019,63480,64599,cars24
MAZDA,CX5,2020,97880,80999,cars24
MAZDA,CX5,2020,111963,84899,cars24
PEUGEOT,3008,2018,60768,93399,cars24
MITSUBISHI,ASX,2018,116560,56111,cars24
KIA,PEGAS,2021,56425,42199,cars24
MAZDA,CX5,2020,107200,80999,cars24
MAZDA,CX5,2019,122498,83899,cars24
PEUGEOT,3008,2019,54701,89111,cars24
MAZDA,CX5,2020,67243,82999,cars24
TOYOTA,CAMRY,2019,87193,94799,cars24
MITSUBISHI,ASX,2017,109649,56111,cars24
MITSUBISHI,ASX,2017,99902,52399,cars24
MITSUBISHI,ASX,2020,125706,61999,cars24
MITSUBISHI,ASX,2017,63799,50999,cars24
HONDA,ACCORD,2016,130247,69099,cars24
RENAULT,KOLEOS,2018,86887,63599,cars24
VOLKSWAGEN,PASSAT,2016,176138,40999,cars24
MITSUBISHI,PAJERO,2017,150509,55299,cars24
FORD,ECOSPORT,2014,66723,38299,cars24
TOYOTA,YARIS,2016,107022,43599,cars24
JEEP,GRAND,2014,73972,71399,cars24
TOYOTA,CAMRY,2019,99215,94899,cars24
FORD,FOCUS,2017,151529,37799,cars24
HONDA,CRV,2018,86225,91199,cars24
NISSAN,SUNNY,2019,72480,42499,cars24
NISSAN,SUNNY,2019,105533,43899,cars24
NISSAN,SUNNY,2019,106392,42399,cars24
HYUNDAI,CRETA,2018,138685,49999,cars24
HYUNDAI,CRETA,2020,93001,64399,cars24
KIA,SPORTAGE,2018,103260,64999,cars24
MITSUBISHI,LANCER,2016,142200,36499,cars24
TOYOTA,COROLLA,2019,103946,60599,cars24
TOYOTA,LANDCRUISER,2018,95033,210499,cars24
TOYOTA,YARIS,2016,94799,40799,cars24
HONDA,ACCORD,2015,149926,57999,cars24
NISSAN,XTRAIL,2018,71234,73599,cars24
TOYOTA,YARIS,2015,102922,42099,cars24
TOYOTA,COROLLA,2019,118441,56499,cars24
HONDA,ACCORD,2019,79502,86999,cars24
HONDA,CRV,2017,114984,82899,cars24
MITSUBISHI,LANCER,2016,81322,41899,cars24
MAZDA,CX5,2016,94948,59999,cars24
NISSAN,XTRAIL,2018,110522,67899,cars24
MAZDA,CX5,2016,126108,58899,cars24
MAZDA,CX5,2016,141411,58999,cars24
MITSUBISHI,PAJERO,2014,48585,55499,cars24
JEEP,WRANGLER,2021,33149,181299,cars24
RENAULT,DUSTER,2018,13991,44499,cars24
TOYOTA,PRADO,2017,134824,127599,cars24
TOYOTA,COROLLA,2020,106974,63999,cars24
BMW,X6,2019,102587,216399,cars24
RENAULT,DUSTER,2015,134701,34599,cars24
KIA,SPORTAGE,2020,78072,70499,cars24
TOYOTA,YARIS,2017,123321,44799,cars24
NISSAN,XTRAIL,2017,97110,63599,cars24
HYUNDAI,SANTA,2015,139631,51799,cars24
TOYOTA,COROLLA,2019,117512,59899,cars24
RENAULT,DUSTER,2017,135451,37599,cars24
TOYOTA,YARIS,2017,91228,45599,cars24
TOYOTA,COROLLA,2015,102490,48699,cars24
TOYOTA,YARIS,2019,103625,48599,cars24
HONDA,ACCORD,2019,72538,96999,cars24
NISSAN,XTRAIL,2020,44499,82299,cars24
FORD,ESCAPE,2016,78334,47899,cars24
NISSAN,XTRAIL,2018,136791,71899,cars24
NISSAN,XTRAIL,2020,63113,73899,cars24
MAZDA,6,2018,98949,56899,cars24
BMW,X2,2020,53885,116499,cars24
BMW,X2,2020,66516,113699,cars24
FORD,EXPLORER,2018,117483,87899,cars24
FORD,EDGE,2017,84780,69999,cars24
TOYOTA,RAV4,2018,66839,79899,cars24
RENAULT,KOLEOS,2016,91483,38099,cars24
KIA,CERATO,2014,143072,37899,cars24
NISSAN,JUKE,2015,131787,37999,cars24
FORD,EXPLORER,2015,168067,44999,cars24
TOYOTA,FORTUNER,2020,47784,109399,cars24
NISSAN,SUNNY,2019,167301,29899,cars24
LANDROVER,RANGEROVER,2014,122820,118799,cars24
INFINITI,Q50,2021,42461,113099,cars24
HYUNDAI,TUCSON,2020,31978,79599,cars24
TOYOTA,FORTUNER,2015,109204,70222,cars24
FORD,EDGE,2011,188440,26299,cars24
KIA,PICANTO,2013,118991,18799,cars24
BMW,3-SERIES,2018,149595,61599,cars24
NISSAN,ALTIMA,2020,27504,78399,cars24
MITSUBISHI,PAJERO,2018,71698,83499,cars24
NISSAN,XTERRA,2023,54,111299,cars24
RENAULT,KOLEOS,2018,92352,62899,cars24
TOYOTA,FORTUNER,2020,111369,112999,cars24
MAZDA,3,2019,121427,49111,cars24
MAZDA,6,2020,55101,67099,cars24
TOYOTA,FORTUNER,2015,117261,66099,cars24
NISSAN,SUNNY,2019,169756,29399,cars24
NISSAN,SUNNY,2018,147854,31299,cars24
HONDA,CRV,2014,157389,42399,cars24
NISSAN,SUNNY,2020,193770,32199,cars24
NISSAN,SENTRA,2015,143704,29199,cars24
MITSUBISHI,LANCER,2010,76359,17599,cars24
KIA,CERATO,2016,85057,39799,cars24
KIA,CERATO,2016,149127,27999,cars24
MITSUBISHI,LANCER,2016,179815,32599,cars24
NISSAN,PATROL,2019,47456,139399,cars24
NISSAN,SUNNY,2020,54316,44599,cars24
MG,ZS,2018,112787,37999,cars24
NISSAN,SUNNY,2016,93190,30599,cars24
MG,5,2020,42972,43799,cars24
VOLKSWAGEN,TIGUAN,2018,76478,74111,cars24
NISSAN,SUNNY,2015,141626,29299,cars24
TOYOTA,PRADO,2016,103827,111899,cars24
LANDROVER,RANGEROVER,2020,39786,222099,cars24
NISSAN,JUKE,2014,140809,36899,cars24
MITSUBISHI,LANCER,2017,98354,40111,cars24
TOYOTA,COROLLA,2013,159829,37199,cars24
INFINITI,QX70,2019,53202,126699,cars24
NISSAN,XTERRA,2021,85804,97499,cars24
TOYOTA,COROLLA,2013,185161,32499,cars24
TOYOTA,FORTUNER,2020,63696,108799,cars24
NISSAN,MAXIMA,2020,58184,97499,cars24
TOYOTA,FORTUNER,2019,35178,104999,cars24
MITSUBISHI,LANCER,2017,83684,34499,cars24
NISSAN,PATROL,2016,139331,104999,cars24
NISSAN,PATROL,2014,110080,93699,cars24
NISSAN,PATROL,2020,33986,249333,cars24
INFINITI,QX70,2016,73921,89999,cars24
FORD,FOCUS,2018,97536,43899,cars24
TOYOTA,FORTUNER,2014,99014,64111,cars24
KIA,RIO,2020,86980,48499,cars24
VOLKSWAGEN,PASSAT,2020,56907,72111,cars24
MITSUBISHI,PAJERO,2017,56616,63199,cars24
HYUNDAI,CRETA,2018,119013,49499,cars24
HONDA,ACCORD,2015,112064,47499,cars24
NISSAN,PATROL,2019,111315,169222,cars24
RENAULT,KOLEOS,2015,91209,29999,cars24
MITSUBISHI,OUTLANDER,2016,143747,42099,cars24
TOYOTA,RAV4,2019,72679,86999,cars24
NISSAN,ALTIMA,2016,151548,35799,cars24
TOYOTA,YARIS,2016,154011,38199,cars24
HYUNDAI,CRETA,2020,75500,61899,cars24
FORD,FOCUS,2017,106635,46099,cars24
KIA,SPORTAGE,2013,88891,40499,cars24
TOYOTA,FORTUNER,2019,124511,99799,cars24
TOYOTA,PRADO,2016,134509,115699,cars24
BMW,X6,2019,55274,239399,cars24
KIA,CERATO,2019,93706,45599,cars24
KIA,SPORTAGE,2020,98849,69499,cars24
FORD,ECOSPORT,2018,104975,43111,cars24
NISSAN,SUNNY,2015,176178,26499,cars24
HONDA,ACCORD,2014,104538,43499,cars24
MITSUBISHI,LANCER,2016,103481,38899,cars24
NISSAN,PATROL,2019,86547,158111,cars24
INFINITI,QX60,2018,95380,104111,cars24
JEEP,WRANGLER,2018,79302,127399,cars24
FORD,FOCUS,2015,117140,30699,cars24
JEEP,WRANGLER,2016,84754,84999,cars24
RENAULT,DUSTER,2015,174941,23799,cars24
TOYOTA,YARIS,2015,179306,33499,cars24
RENAULT,DUSTER,2016,197479,27299,cars24
NISSAN,PATROL,2020,84561,237111,cars24
TOYOTA,YARIS,2019,81949,47999,cars24
MITSUBISHI,PAJERO,2016,119895,54999,cars24
KIA,SPORTAGE,2017,97432,78999,cars24
KIA,RIO,2016,64414,36299,cars24
FORD,FIGO,2019,51042,32899,cars24
MITSUBISHI,LANCER,2015,63118,43099,cars24
FORD,ECOSPORT,2018,118371,40111,cars24
MINI,COOPER,2022,78207,104299,cars24
FORD,EDGE,2016,133453,54111,cars24
MAZDA,6,2021,49789,71899,cars24
RENAULT,DUSTER,2016,103435,29999,cars24
NISSAN,SUNNY,2019,94590,37999,cars24
NISSAN,PATROL,2019,77308,129222,cars24
MITSUBISHI,ATTRAGE,2021,12298,44699,cars24
MINI,COOPER,2016,42752,90699,cars24
LANDROVER,RANGEROVER,2014,114247,138222,cars24
MINI,COOPER,2017,129315,61299,cars24
MITSUBISHI,ATTRAGE,2022,63336,45799,cars24
MINI,COOPER,2014,107050,49999,cars24
TOYOTA,CAMRY,2019,138564,69111,cars24
NISSAN,XTERRA,2015,188879,50499,cars24
TOYOTA,FORTUNER,2020,84316,115099,cars24
JEEP,GRAND,2018,70272,126899,cars24
BMW,3-SERIES,2014,120175,51999,cars24
MITSUBISHI,LANCER,2017,167682,38099,cars24
TOYOTA,RUSH,2020,65054,63599,cars24
TOYOTA,FORTUNER,2015,80298,69499,cars24
AUDI,A3,2015,123264,57599,cars24
HYUNDAI,TUCSON,2015,154233,39799,cars24
HYUNDAI,CRETA,2020,102211,58499,cars24
VOLKSWAGEN,TIGUAN,2016,113642,67999,cars24
MITSUBISHI,LANCER,2013,191528,25499,cars24
MITSUBISHI,LANCER,2017,153983,34499,cars24
NISSAN,SENTRA,2020,54545,47222,cars24
HONDA,CIVIC,2019,73445,86099,cars24
NISSAN,SUNNY,2021,103371,37899,cars24
TOYOTA,YARIS,2015,153189,35999,cars24
MITSUBISHI,PAJERO,2020,136903,67799,cars24
TOYOTA,COROLLA,2019,81533,57099,cars24
NISSAN,SUNNY,2020,144266,33399,cars24
HYUNDAI,ACCENT,2016,123204,31999,cars24
NISSAN,ALTIMA,2020,55553,83499,cars24
CHEVROLET,CAPTIVA,2022,43510,70399,cars24
TOYOTA,COROLLA,2015,141814,46299,cars24
TOYOTA,RUSH,2019,56202,61299,cars24
HYUNDAI,ACCENT,2018,135541,38699,cars24
TOYOTA,YARIS,2015,144473,35999,cars24
DODGE,CHARGER,2014,134747,56999,cars24
MITSUBISHI,OUTLANDER,2020,64299,72299,cars24
TOYOTA,RUSH,2020,82779,66399,cars24
TOYOTA,YARIS,2019,133125,42899,cars24
MITSUBISHI,PAJERO,2015,93931,65799,cars24
TOYOTA,CAMRY,2019,111511,86699,cars24
JAGUAR,F,2019,80058,147699,cars24
FORD,ECOSPORT,2019,29065,48499,cars24
MINI,COOPER,2015,162916,48699,cars24
HYUNDAI,TUCSON,2017,120071,64099,cars24
JEEP,COMPASS,2020,133697,77699,cars24
TOYOTA,FORTUNER,2020,90011,114111,cars24
INFINITI,QX70,2019,77647,121111,cars24
NISSAN,XTERRA,2022,11945,124999,cars24
TOYOTA,YARIS,2019,95287,43999,cars24
TOYOTA,FORTUNER,2018,96532,91444,cars24
MITSUBISHI,PAJERO,2014,96037,48499,cars24
TOYOTA,PRADO,2016,112162,130199,cars24
MITSUBISHI,OUTLANDER,2020,66482,67199,cars24
INFINITI,QX60,2015,122503,64699,cars24
LEXUS,GX460,2020,31949,208199,cars24
HYUNDAI,CRETA,2019,110342,57099,cars24
NISSAN,PATROL,2020,48753,228555,cars24
TOYOTA,PRADO,2019,127169,147444,cars24
MITSUBISHI,PAJERO,2019,101644,73111,cars24
TOYOTA,FORTUNER,2020,120402,100999,cars24
MITSUBISHI,MONTERO,2020,65042,108299,cars24
TOYOTA,PRADO,2017,95919,108699,cars24
TOYOTA,PRADO,2018,138312,148111,cars24
HONDA,CIVIC,2020,90450,70499,cars24
TOYOTA,COROLLA,2018,74404,54899,cars24
MAZDA,6,2020,56870,69799,cars24
NISSAN,PATROL,2018,85553,150499,cars24
BMW,5-SERIES,2020,81192,158555,cars24
MAZDA,3,2013,148259,26699,cars24
TOYOTA,YARIS,2019,70844,48699,cars24
KIA,RIO,2014,95534,30999,cars24
TOYOTA,RUSH,2020,47013,63099,cars24
FORD,ECOSPORT,2018,89738,42222,cars24
TOYOTA,PRADO,2019,104370,163799,cars24
TOYOTA,RUSH,2020,120117,60111,cars24
BMW,4-SERIES,2015,137307,81199,cars24
MITSUBISHI,LANCER,2016,169609,33699,cars24
KIA,SPORTAGE,2019,98819,64199,cars24
MITSUBISHI,PAJERO,2014,124149,55199,cars24
NISSAN,XTRAIL,2020,11120,80199,cars24
TOYOTA,RAV4,2019,78529,114899,cars24
MAZDA,3,2015,138131,43399,cars24
HONDA,CIVIC,2019,70445,73111,cars24
HYUNDAI,ACCENT,2016,60302,33699,cars24
NISSAN,XTERRA,2021,95528,103299,cars24
NISSAN,KICKS,2020,24438,69099,cars24
MAZDA,CX9,2021,77730,119899,cars24
TOYOTA,COROLLA,2020,58131,60599,cars24
FORD,ECOSPORT,2017,115781,39499,cars24
MITSUBISHI,ASX,2013,148185,31499,cars24
RENAULT,MEGANE,2020,35299,48599,cars24
TOYOTA,RUSH,2019,121346,58199,cars24
NISSAN,ALTIMA,2017,152883,47399,cars24
JEEP,GRAND,2019,42506,142999,cars24
JEEP,GRAND,2019,64284,149099,cars24
JEEP,GRAND,2015,112307,82399,cars24
NISSAN,SUNNY,2018,149186,33799,cars24
NISSAN,KICKS,2019,57990,56199,cars24
HYUNDAI,CRETA,2020,107710,60111,cars24
TOYOTA,YARIS,2015,87983,38099,cars24
JEEP,GRAND,2015,140486,68699,cars24
LEXUS,GX460,2019,105949,178799,cars24
INFINITI,QX50,2014,57853,56199,cars24
TOYOTA,YARIS,2016,130161,37299,cars24
NISSAN,SUNNY,2020,177437,33599,cars24
HONDA,PILOT,2015,138896,67699,cars24
TOYOTA,YARIS,2015,135368,34599,cars24
NISSAN,SUNNY,2018,61833,34999,cars24
RENAULT,DUSTER,2015,111831,29399,cars24
BENZ,C-CLASS,2020,64201,167111,cars24
TOYOTA,RAV4,2018,123910,73111,cars24
FORD,EXPLORER,2019,126332,90499,cars24
HONDA,CIVIC,2018,125766,63399,cars24
MAZDA,6,2021,39887,73222,cars24
TOYOTA,RUSH,2023,20380,71199,cars24
HONDA,CIVIC,2017,126411,57699,cars24
TOYOTA,RAV4,2020,104367,121299,cars24
NISSAN,MICRA,2019,122428,31599,cars24
HONDA,PILOT,2012,181895,35499,cars24
HONDA,ACCORD,2021,19522,107999,cars24
NISSAN,SUNNY,2019,108289,35599,cars24
TOYOTA,RAV4,2016,96675,82999,cars24
MITSUBISHI,MONTERO,2016,129046,56111,cars24
LANDROVER,RANGEROVER,2015,117014,138799,cars24
BMW,X3,2017,74029,130799,cars24
BMW,7-SERIES,2017,83809,129199,cars24
NISSAN,XTRAIL,2015,45887,62899,cars24
TOYOTA,YARIS,2019,126132,47111,cars24
TOYOTA,COROLLA,2015,121664,43899,cars24
NISSAN,KICKS,2018,32309,63099,cars24
HONDA,CIVIC,2015,132192,41899,cars24
TOYOTA,YARIS,2019,137919,45111,cars24
TOYOTA,RAV4,2016,75784,69699,cars24
DODGE,CHARGER,2013,195788,38699,cars24
HONDA,CIVIC,2014,199801,32299,cars24
NISSAN,KICKS,2017,114486,54299,cars24
RENAULT,DUSTER,2018,104777,35699,cars24
TOYOTA,COROLLA,2017,73397,60799,cars24
HYUNDAI,ACCENT,2021,61458,46699,cars24
BMW,5-SERIES,2020,64079,153111,cars24
JEEP,GRAND,2015,56856,84299,cars24
KIA,CERATO,2016,153822,38699,cars24
BMW,X5,2016,139998,95199,cars24
HYUNDAI,ACCENT,2020,84402,48699,cars24
KIA,PICANTO,2020,123200,37599,cars24
KIA,PICANTO,2020,149279,36111,cars24
NISSAN,XTRAIL,2019,101601,69599,cars24
BENZ,C-CLASS,2019,114879,144111,cars24
TOYOTA,RAV4,2020,117348,97599,cars24
HYUNDAI,SANTA,2020,102049,104999,cars24
NISSAN,XTRAIL,2018,129580,79899,cars24
NISSAN,XTRAIL,2015,129041,53499,cars24
HYUNDAI,SANTA,2015,144309,58099,cars24
MAZDA,6,2020,62267,69111,cars24
MAZDA,CX5,2021,53692,103399,cars24
MITSUBISHI,ATTRAGE,2020,152078,32899,cars24
LANDROVER,RANGEROVER,2020,68966,248111,cars24
CHEVROLET,CAPTIVA,2022,61501,68399,cars24
NISSAN,MICRA,2020,66012,33199,cars24
MAZDA,6,2020,41003,69222,cars24
MAZDA,CX5,2020,97568,85111,cars24
HONDA,HRV,2020,66286,69111,cars24
KIA,PICANTO,2019,78951,28599,cars24
NISSAN,PATHFINDER,2015,93731,46799,cars24
KIA,SPORTAGE,2018,61902,59899,cars24
NISSAN,XTRAIL,2018,93972,68999,cars24
MITSUBISHI,MONTERO,2017,118538,75399,cars24
MINI,COOPER,2021,41338,136999,cars24
MAZDA,3,2019,94448,52799,cars24
MITSUBISHI,PAJERO,2015,104397,59099,cars24
NISSAN,SUNNY,2019,94916,35399,cars24
NISSAN,SUNNY,2019,93146,37699,cars24
TOYOTA,LANDCRUISER,2015,148860,139899,cars24
FORD,ESCAPE,2017,97562,53199,cars24
TOYOTA,CAMRY,2019,101409,83999,cars24
NISSAN,ALTIMA,2018,22112,68900,kavak
CHEVROLET,CAPTIVA,2023,0,79900,kavak
CHEVROLET,CAPTIVA,2023,0,79900,kavak
CHEVROLET,CAPTIVA,2023,0,79900,kavak
MAZDA,6,2020,17681,74450,kavak
GAC,GS3,2022,48817,61900,kavak
GAC,GS3,2022,53823,61900,kavak
MITSUBISHI,PAJERO,2020,49724,93900,kavak
CHEVROLET,CAPTIVA,2022,24805,73900,kavak
MITSUBISHI,ATTRAGE,2022,57980,44900,kavak
MAZDA,CX5,2022,44494,94900,kavak
HONDA,CIVIC,2020,64870,70900,kavak
MAZDA,CX9,2022,59821,129900,kavak
HONDA,HRV,2020,48093,70200,kavak
RENAULT,CAPTUR,2020,51945,49900,kavak
RENAULT,CAPTUR,2019,68531,39900,kavak
NISSAN,MICRA,2020,65029,33900,kavak
PEUGEOT,2008,2022,53988,64900,kavak
PEUGEOT,2008,2022,50401,64900,kavak
MITSUBISHI,PAJERO,2022,65372,94900,kavak
PEUGEOT,2008,2022,48096,67900,kavak
VOLKSWAGEN,PASSAT,2020,56789,71900,kavak
HYUNDAI,CRETA,2020,45503,64900,kavak
TOYOTA,LANDCRUISER,2022,20661,277900,kavak
NISSAN,ALTIMA,2018,65419,55950,kavak
RENAULT,KOLEOS,2019,93184,66600,kavak
NISSAN,PATHFINDER,2020,76516,87900,kavak
TOYOTA,YARIS,2019,71987,44900,kavak
MITSUBISHI,ASX,2020,64556,60900,kavak
MITSUBISHI,PAJERO,2020,68969,92900,kavak
MITSUBISHI,PAJERO,2020,63108,92900,kavak
MITSUBISHI,ASX,2020,64090,60900,kavak
MITSUBISHI,PAJERO,2020,94473,74900,kavak
MITSUBISHI,PAJERO,2020,25649,86400,kavak
LANDROVER,RANGEROVER,2018,70229,134900,kavak
HYUNDAI,TUCSON,2018,43581,78900,kavak
NISSAN,MAXIMA,2019,74803,108900,kavak
MITSUBISHI,ATTRAGE,2020,96703,33900,kavak
BMW,X4,2022,19471,252800,kavak
NISSAN,MICRA,2020,81128,32900,kavak
MAZDA,6,2021,31285,73900,kavak
JEEP,COMPASS,2020,16771,114900,kavak
HYUNDAI,ACCENT,2020,75095,44900,kavak
MAZDA,CX9,2020,51460,114900,kavak
BMW,X6,2021,44371,326950,kavak
RENAULT,CAPTUR,2020,50491,49900,kavak
JAC,JS4,2023,0,59900,kavak
JAC,JS4,2023,0,59900,kavak
MITSUBISHI,ASX,2020,64033,60900,kavak
JEEP,WRANGLER,2021,9739,154900,kavak
TOYOTA,LANDCRUISER,2019,42413,218900,kavak
MITSUBISHI,ASX,2020,42928,59900,kavak
MITSUBISHI,PAJERO,2020,85118,76900,kavak
INFINITI,QX60,2019,65375,124900,kavak
TOYOTA,YARIS,2019,112415,39900,kavak
NISSAN,PATHFINDER,2020,99630,83900,kavak
NISSAN,XTRAIL,2021,24115,89900,kavak
NISSAN,KICKS,2022,36565,69900,kavak
NISSAN,KICKS,2022,35803,69900,kavak
NISSAN,KICKS,2022,30498,69900,kavak
RENAULT,DUSTER,2019,97756,34900,kavak
BMW,7-SERIES,2022,36980,295200,kavak
FORD,ESCAPE,2017,99292,48900,kavak
BENZ,C-CLASS,2019,43099,169900,kavak
FORD,EXPLORER,2017,96897,85700,kavak
BMW,5-SERIES,2018,55686,126900,kavak
HONDA,ACCORD,2018,72920,82500,kavak
BMW,X2,2022,64379,126050,kavak
NISSAN,KICKS,2019,42454,59900,kavak
NISSAN,XTRAIL,2019,96569,72900,kavak
RENAULT,DUSTER,2020,74063,40900,kavak
NISSAN,XTRAIL,2020,93102,74900,kavak
TOYOTA,YARIS,2019,98506,43900,kavak
MINI,COOPER,2020,51234,117900,kavak
TOYOTA,FORTUNER,2022,22921,156300,kavak
MITSUBISHI,ASX,2019,30319,54350,kavak
NISSAN,ALTIMA,2018,50378,57900,kavak
BMW,4-SERIES,2018,85389,109900,kavak
INFINITI,Q50,2019,69785,96900,kavak
MAZDA,CX5,2015,80820,65950,kavak
CHEVROLET,TAHOE,2018,93752,159900,kavak
NISSAN,MICRA,2019,77907,29900,kavak
NISSAN,MICRA,2019,88635,28900,kavak
CHEVROLET,TAHOE,2021,36423,239900,kavak
HYUNDAI,ACCENT,2023,14753,70900,kavak
HONDA,ACCORD,2019,88893,88050,kavak
NISSAN,XTRAIL,2021,18267,91900,kavak
MAZDA,CX9,2020,89039,109900,kavak
NISSAN,KICKS,2019,23354,64750,kavak
JEEP,WRANGLER,2018,44658,95900,kavak
TOYOTA,PRADO,2022,27426,176900,kavak
HYUNDAI,TUCSON,2020,98732,69900,kavak
VOLKSWAGEN,PASSAT,2020,75260,66900,kavak
VOLKSWAGEN,PASSAT,2020,80547,65900,kavak
NISSAN,ALTIMA,2021,23965,82900,kavak
CHEVROLET,CAPTIVA,2023,0,79900,kavak
CHEVROLET,CAPTIVA,2023,0,79900,kavak
CHEVROLET,CAPTIVA,2023,0,79900,kavak
NISSAN,MAXIMA,2019,70332,109900,kavak
INFINITI,Q50,2019,49995,92900,kavak
CHEVROLET,CAPTIVA,2023,0,79900,kavak
NISSAN,ALTIMA,2022,25000,99900,kavak
INFINITI,Q50,2020,49233,106900,kavak
PEUGEOT,3008,2023,0,106950,kavak
PEUGEOT,3008,2023,0,106950,kavak
JEEP,WRANGLER,2022,7062,182900,kavak
JEEP,WRANGLER,2023,0,246900,kavak
JEEP,WRANGLER,2023,0,227900,kavak
JEEP,WRANGLER,2023,0,227900,kavak
JEEP,WRANGLER,2023,0,198900,kavak
TOYOTA,COROLLA,2022,0,73500,kavak
TOYOTA,COROLLA,2022,0,73500,kavak
TOYOTA,COROLLA,2022,0,73500,kavak
TOYOTA,COROLLA,2022,0,73500,kavak
TOYOTA,COROLLA,2022,0,73500,kavak
TOYOTA,COROLLA,2022,0,73500,kavak
PEUGEOT,3008,2019,57699,76900,kavak
MITSUBISHI,ASX,2019,66869,52900,kavak
MITSUBISHI,LANCER,2017,64115,44900,kavak
HYUNDAI,CRETA,2020,34473,69900,kavak
MITSUBISHI,ASX,2019,59577,53900,kavak
JAGUAR,F,2017,78893,139900,kavak
FORD,EXPLORER,2016,104174,91900,kavak
MAZDA,6,2021,54266,72900,kavak
KIA,CERATO,2020,55264,54900,kavak
MAZDA,CX5,2020,36427,88900,kavak
NISSAN,SENTRA,2020,56000,44900,kavak
NISSAN,SENTRA,2020,56375,44900,kavak
HONDA,PILOT,2018,111918,84000,kavak
KIA,SPORTAGE,2019,117608,67900,kavak
FORD,ECOSPORT,2020,40579,53900,kavak
NISSAN,ALTIMA,2020,49298,95900,kavak
TOYOTA,RUSH,2019,89199,57900,kavak
BENZ,E-CLASS,2021,20000,268900,kavak
NISSAN,KICKS,2020,57794,61900,kavak
NISSAN,KICKS,2020,48306,62900,kavak
MITSUBISHI,ASX,2020,45140,61900,kavak
NISSAN,KICKS,2020,46964,62900,kavak
NISSAN,SENTRA,2020,58522,44900,kavak
NISSAN,SENTRA,2020,55991,44900,kavak
MAZDA,6,2021,64095,71900,kavak
HYUNDAI,TUCSON,2018,44067,73900,kavak
MITSUBISHI,OUTLANDER,2020,66245,69900,kavak
NISSAN,KICKS,2020,68166,59900,kavak
MITSUBISHI,ATTRAGE,2019,59644,34900,kavak
MAZDA,3,2019,70310,54900,kavak
NISSAN,XTRAIL,2020,60427,102900,kavak
KIA,PICANTO,2020,60778,36900,kavak
NISSAN,SENTRA,2020,62411,43900,kavak
NISSAN,SENTRA,2020,55503,44900,kavak
KIA,SPORTAGE,2018,70743,75900,kavak
HYUNDAI,TUCSON,2021,16733,99900,kavak
MITSUBISHI,ATTRAGE,2019,75046,33900,kavak
BENZ,C-CLASS,2019,65782,164900,kavak
CHEVROLET,SPARK,2020,38940,35500,kavak
CHEVROLET,SPARK,2020,29682,35900,kavak
NISSAN,KICKS,2020,54237,61900,kavak
NISSAN,SUNNY,2021,58223,42900,kavak
NISSAN,SUNNY,2021,56422,42900,kavak
RENAULT,SYMBOL,2020,80853,29900,kavak
KIA,PICANTO,2020,67487,35900,kavak
KIA,PICANTO,2020,62322,36900,kavak
VOLKSWAGEN,PASSAT,2020,58177,68900,kavak
MAZDA,3,2019,107311,49900,kavak
VOLKSWAGEN,PASSAT,2020,58604,68900,kavak
CHEVROLET,SPARK,2020,51664,33500,kavak
FORD,EDGE,2016,38955,96900,kavak
BMW,3-SERIES,2020,31443,159900,kavak
NISSAN,KICKS,2019,100073,51900,kavak
TOYOTA,YARIS,2021,27709,53900,kavak
NISSAN,ALTIMA,2019,17682,72900,kavak
HYUNDAI,CRETA,2020,88271,63900,kavak
HYUNDAI,ELANTRA,2020,65278,56900,kavak
NISSAN,SUNNY,2021,34365,43500,kavak
TOYOTA,YARIS,2021,28218,53900,kavak
HYUNDAI,ACCENT,2022,29787,54900,kavak
NISSAN,ALTIMA,2021,23466,93900,kavak
TOYOTA,YARIS,2021,38796,52900,kavak
MAZDA,CX5,2021,38427,91900,kavak
HYUNDAI,ELANTRA,2020,84155,53900,kavak
MAZDA,6,2020,73702,65900,kavak
TOYOTA,YARIS,2021,37098,52900,kavak
TOYOTA,YARIS,2021,23493,54500,kavak
TOYOTA,YARIS,2021,31725,53500,kavak
HONDA,CRV,2016,62303,69900,kavak
TOYOTA,LANDCRUISER,2021,34872,229900,kavak
VOLKSWAGEN,TIGUAN,2018,92200,75900,kavak
NISSAN,PATROL,2021,39280,289900,kavak
HONDA,CIVIC,2020,73101,72900,kavak
NISSAN,ALTIMA,2018,128677,59900,kavak
CHEVROLET,SPARK,2020,45956,34900,kavak
CHEVROLET,SPARK,2020,45841,34900,kavak
CHEVROLET,SPARK,2020,48488,34500,kavak
FORD,EDGE,2019,94955,79900,kavak
INFINITI,QX55,2022,18990,184900,kavak
JEEP,WRANGLER,2021,6831,218900,kavak
JEEP,WRANGLER,2020,74000,185900,kavak
MAZDA,CX5,2021,45748,90900,kavak
NISSAN,MAXIMA,2020,78840,93900,kavak
LANDROVER,RANGEROVER,2018,58965,314900,kavak
LANDROVER,RANGEROVER,2018,81844,269900,kavak
BMW,X3,2018,57213,171900,kavak
JEEP,COMPASS,2020,70616,104900,kavak
MITSUBISHI,PAJERO,2020,108838,73900,kavak
RENAULT,DUSTER,2020,35004,47900,kavak
MITSUBISHI,ASX,2019,83634,52600,kavak
NISSAN,SENTRA,2019,47617,42400,kavak
FORD,EDGE,2017,25500,71900,kavak
BMW,5-SERIES,2018,48551,144900,kavak
JEEP,COMPASS,2019,71248,91900,kavak
FORD,EDGE,2016,79219,59550,kavak
RENAULT,KOLEOS,2019,72204,57900,kavak
NISSAN,KICKS,2019,69965,59900,kavak
JEEP,GRAND,2018,85893,121900,kavak
NISSAN,PATROL,2016,127129,121500,kavak
INFINITI,QX70,2019,57948,124900,kavak
MG,ZS,2022,19243,72500,kavak
BMW,X5,2019,70247,236850,kavak
HONDA,CIVIC,2020,65009,79900,kavak
FORD,FOCUS,2018,74037,53400,kavak
NISSAN,KICKS,2018,51220,60100,kavak
NISSAN,XTRAIL,2021,28559,89900,kavak
RENAULT,MEGANE,2020,16861,44900,kavak
HONDA,CITY,2019,40107,53900,kavak
NISSAN,XTRAIL,2020,111004,74450,kavak
MITSUBISHI,ECLIPSE,2020,65476,69900,kavak
NISSAN,ALTIMA,2018,95067,50900,kavak
NISSAN,KICKS,2021,49553,77650,kavak
HONDA,ACCORD,2019,27957,97900,kavak
TOYOTA,COROLLA,2020,40137,67900,kavak
TOYOTA,COROLLA,2020,30561,69900,kavak
MITSUBISHI,PAJERO,2020,19774,94900,kavak
JEEP,COMPASS,2019,101168,79200,kavak
MITSUBISHI,MONTERO,2019,20659,89900,kavak
TOYOTA,COROLLA,2020,46670,67900,kavak
MINI,COOPER,2019,43150,92600,kavak
JEEP,COMPASS,2019,68224,91900,kavak
FORD,EXPLORER,2016,67267,104150,kavak
RENAULT,DUSTER,2020,61058,53900,kavak
MITSUBISHI,ASX,2019,46717,59800,kavak
HONDA,HRV,2021,33067,76900,kavak
HYUNDAI,ACCENT,2020,74357,45900,kavak
MITSUBISHI,MONTERO,2020,77414,99900,kavak
BMW,X5,2020,40185,329900,kavak
NISSAN,XTRAIL,2021,43775,88900,kavak
TOYOTA,COROLLA,2023,13533,77900,kavak
TOYOTA,RAV4,2021,40833,95900,kavak
NISSAN,XTRAIL,2018,73137,75900,kavak
KIA,PEGAS,2021,53322,45900,kavak
KIA,PEGAS,2021,57677,45900,kavak
MAZDA,CX9,2022,40406,133900,kavak
SUZUKI,SWIFT,2023,0,54900,kavak
SUZUKI,SWIFT,2023,0,54900,kavak
MAZDA,CX3,2019,58741,69900,kavak
CHEVROLET,TAHOE,2021,66704,174900,kavak
FORD,EDGE,2019,68700,121900,kavak
TOYOTA,PRADO,2019,64084,154900,kavak
INFINITI,QX80,2020,47328,194900,kavak
MITSUBISHI,ASX,2017,102622,49900,kavak
PEUGEOT,3008,2020,68503,84900,kavak
INFINITI,QX60,2019,39780,149900,kavak
MAZDA,CX5,2016,108473,59900,kavak
MAZDA,CX9,2019,105983,95900,kavak
KIA,RIO,2019,98594,44900,kavak
MITSUBISHI,ATTRAGE,2022,29660,46900,kavak
INFINITI,QX50,2020,35504,135200,kavak
MITSUBISHI,ASX,2020,57291,59900,kavak
RENAULT,KOLEOS,2022,24830,99900,kavak
PEUGEOT,3008,2022,32627,89900,kavak
PEUGEOT,3008,2022,33841,89900,kavak
RENAULT,KOLEOS,2020,72245,84900,kavak
MAZDA,6,2022,48530,79900,kavak
BMW,X3,2018,76155,169900,kavak
KIA,PEGAS,2020,54203,42900,kavak
JEEP,WRANGLER,2017,50575,112700,kavak
NISSAN,PATHFINDER,2018,78512,79900,kavak
PEUGEOT,3008,2019,63763,76900,kavak
FORD,EXPLORER,2017,66904,84550,kavak
MITSUBISHI,ATTRAGE,2020,64889,36900,kavak
PEUGEOT,3008,2020,31995,114900,kavak
MITSUBISHI,ATTRAGE,2019,62059,34900,kavak
MITSUBISHI,ATTRAGE,2020,69221,36900,kavak
HYUNDAI,TUCSON,2022,18892,94900,kavak
BMW,X5,2020,100390,247900,kavak
KIA,PEGAS,2020,61832,42900,kavak
NISSAN,XTRAIL,2020,75576,79900,kavak
TOYOTA,PRADO,2022,29992,175900,kavak
PEUGEOT,3008,2018,100478,83900,kavak
FORD,ECOSPORT,2019,60819,47900,kavak
NISSAN,XTRAIL,2019,61436,78900,kavak
HYUNDAI,ELANTRA,2020,88154,53900,kavak
RENAULT,KOLEOS,2019,65309,59900,kavak
MG,6,2021,33892,54900,kavak
CHEVROLET,MALIBU,2021,73000,64900,kavak
MITSUBISHI,ATTRAGE,2021,28615,41900,kavak
KIA,PEGAS,2020,55014,42900,kavak
BMW,4-SERIES,2021,10847,230900,kavak
MG,6,2021,52615,52900,kavak
VOLVO,XC60,2018,72940,145650,kavak
VOLKSWAGEN,GOLF,2021,15527,164900,kavak
BMW,3-SERIES,2020,64159,155900,kavak
RENAULT,CAPTUR,2020,62774,48900,kavak
NISSAN,PATHFINDER,2020,68902,89900,kavak
MG,6,2021,42930,52900,kavak
MG,6,2021,43193,52900,kavak
MITSUBISHI,ATTRAGE,2019,54741,35500,kavak
MITSUBISHI,ATTRAGE,2019,87419,33900,kavak
NISSAN,MICRA,2020,74236,32900,kavak
MITSUBISHI,PAJERO,2018,70093,64900,kavak
KIA,RIO,2020,51427,47900,kavak
RENAULT,KOLEOS,2022,17402,99900,kavak
CHEVROLET,TAHOE,2020,42584,152800,kavak
HYUNDAI,ACCENT,2020,69172,44900,kavak
JAC,JS4,2023,0,59900,kavak
JAC,JS4,2023,0,59900,kavak
MITSUBISHI,ASX,2020,60641,60900,kavak
TOYOTA,RAV4,2019,63641,115900,kavak
HYUNDAI,SONATA,2020,45918,77900,kavak
NISSAN,ALTIMA,2021,53213,74900,kavak
RENAULT,KOLEOS,2018,59371,71900,kavak
BMW,X6,2022,17004,348050,kavak
MINI,COOPER,2021,28865,93900,kavak
RENAULT,KOLEOS,2019,42493,74900,kavak
KIA,RIO,2020,71142,46900,kavak
TOYOTA,YARIS,2016,94507,36900,kavak
TOYOTA,RAV4,2017,69483,81500,kavak
MAZDA,6,2020,76366,64900,kavak
NISSAN,MAXIMA,2020,73441,89900,kavak
NISSAN,PATROL,2020,73186,173900,kavak
TOYOTA,PRADO,2021,9887,154900,kavak
TOYOTA,FORTUNER,2020,40716,133900,kavak
MITSUBISHI,MONTERO,2020,57896,107900,kavak
VOLVO,XC60,2021,34577,161500,kavak
BENZ,C-CLASS,2021,29178,213500,kavak
MITSUBISHI,MONTERO,2019,58643,85600,kavak
JEEP,GRAND,2021,30404,159900,kavak
JAC,JS4,2023,0,59900,kavak
KIA,SPORTAGE,2020,41134,86200,kavak
JEEP,WRANGLER,2018,61471,107900,kavak
TOYOTA,FORTUNER,2020,25020,106950,kavak
HONDA,CIVIC,2015,64740,42450,kavak
MINI,COOPER,2016,65926,71500,kavak
CHEVROLET,CAPTIVA,2023,0,79900,kavak
CHEVROLET,CAPTIVA,2023,0,79900,kavak
MITSUBISHI,ECLIPSE,2020,58025,69900,kavak
NISSAN,KICKS,2019,88083,56900,kavak
NISSAN,KICKS,2019,73134,59900,kavak
MG,5,2023,0,49900,kavak
MG,5,2023,0,49900,kavak
JEEP,WRANGLER,2023,0,198900,kavak
MITSUBISHI,MONTERO,2017,57349,70900,kavak
JAC,JS4,2023,0,59900,kavak
TOYOTA,PRADO,2020,64792,162400,kavak
SUZUKI,SWIFT,2023,0,54900,kavak
SUZUKI,SWIFT,2023,0,54900,kavak
SUZUKI,SWIFT,2023,0,54900,kavak
JEEP,GRAND,2021,40812,163750,kavak
JAC,JS4,2023,0,59900,kavak
BMW,3-SERIES,2018,108578,78050,kavak
JEEP,GRAND,2018,90437,112900,kavak
NISSAN,SUNNY,2020,45547,37900,kavak
PEUGEOT,3008,2019,57455,76900,kavak
TOYOTA,LANDCRUISER,2021,22473,129900,kavak
NISSAN,SUNNY,2020,76392,36900,kavak
MINI,COOPER,2016,85986,75550,kavak
NISSAN,SUNNY,2020,58359,36900,kavak
MG,5,2021,46089,44900,kavak
LANDROVER,RANGEROVER,2019,40712,160000,kavak
NISSAN,SENTRA,2020,57229,43900,kavak
MITSUBISHI,LANCER,2017,69733,42900,kavak
CHEVROLET,TAHOE,2018,93000,159900,kavak
CHEVROLET,SPARK,2020,27836,35900,kavak
KIA,CERATO,2020,60509,52900,kavak
BMW,X2,2020,70342,107900,kavak
HYUNDAI,ACCENT,2022,24361,55900,kavak
RENAULT,SYMBOL,2020,73827,29900,kavak
TOYOTA,YARIS,2021,53616,51900,kavak
HYUNDAI,ACCENT,2020,61952,46900,kavak
MITSUBISHI,ATTRAGE,2022,6442,44900,kavak
RENAULT,SYMBOL,2020,57976,34900,kavak
